ID,Título,Precio,URL,Página,Posición
"147662027","Casa La Cantera3 habitaciones, 3. 5 bañosModelo Chocolate (2) (Sin equipamiento) Area de cocinaSalaComedorSala de tvvestidor en recamara principalVest","Consultar","https://www.inmuebles24.com/propiedades/clasificado/veclcain-casa-en-venta-la-cantera-culiacan-147662027.html","1","1"
"147004692","Preciosa casa en venta en residencial lomita. Fracc. Colinas. de san miguel. * sup: 427 m2 (A. P. 12 x 19. 5 mts) * const: 348 m2 (dos plantas) primer","Consultar","https://www.inmuebles24.com/propiedades/clasificado/veclcain-casa-en-privada-en-fracc.-colinas-de-san-miguel-147004692.html","1","2"
"147500481","Casa en venta moderna y en excelentes condiciones en Privada La Cantera con finos acabados y alberca propia, cerca del Tec Milenio y del Hospital Ánge","Consultar","https://www.inmuebles24.com/propiedades/clasificado/veclcain-casa-en-venta-en-privada-la-cantera-147500481.html","1","3"
"146782117","Residencia completamente nueva a estrenar con un bonito diseño modernista y con espacios muy amplios en su distribución. Con 260 mts 2 de cosntrucción","Consultar","https://www.inmuebles24.com/propiedades/clasificado/veclcain-casa-en-venta-en-altezza-residencial-en-culiacan-146782117.html","1","4"
"146725068","Venta de casa en Terranova cerca de la av principal de las torres, ideal para vivir o negocio. Cuenta distribuida de la sig manera. Planta alta. Son 3","Consultar","https://www.inmuebles24.com/propiedades/clasificado/veclcain-venta-casa-sector-terranova-146725068.html","1","5"
"81519985","Preciosa casa en venta en fracc. Colinas de san miguel. amplio terreno Y espacios. superficie: 733 m2. contruccion: 600 m2 (dos plantas) planta baja: ","Consultar","https://www.inmuebles24.com/propiedades/clasificado/veclcain-casa-en-venta-en-fracc-colinas-de-san-miguel-81519985.html","1","6"
"147708571","En venta casa en La PrimaveraSan Juan 329 m2 Construcción345 m2 Terreno. Cocina integral con electrodomesticos incluídos con encimeras de cuarzo. Área","Consultar","https://www.inmuebles24.com/propiedades/clasificado/veclcain-hermosa-casa-en-venta-en-la-primavera-147708571.html","1","7"
"147325627","Casa en Venta Colonia Morelos, en Culiacán, Sinaloa. Superficie de Terreno 230 M2 y 389 M2 de construcción con 5 recámaras. Planta baja: cochera para ","Consultar","https://www.inmuebles24.com/propiedades/clasificado/veclcain-casa-en-venta-colonia-morelos-culiacan-sinaloa-147325627.html","1","8"
"143337967","Preciosa casa con amplios espacios en villa universidad. * sup: 250 m2 (10 X 25 m) * const: 345 m2 (2 plantas) planta baja: - 1 recamara con baño comp","Consultar","https://www.inmuebles24.com/propiedades/clasificado/veclcain-casa-en-venta-en-fracc.-villa-universidad-143337967.html","1","9"
"147696056","Casa en venta, en culiacancito, culican, sinaloa. La propiedad se encuentra cerca de Iglesia, Mercado, Parques, escuelas, Hospitales. Cuenta con servi","Consultar","https://www.inmuebles24.com/propiedades/clasificado/veclcain-casa-en-venta-culiacancito-culiacan-sinaloa-147696056.html","1","10"
"146212835","¡Tu nuevo hogar te espera en Privada Galerías, Colinas de San Miguel! Vive con seguridad, confort y exclusividad en una de las zonas más privilegiadas","Consultar","https://www.inmuebles24.com/propiedades/clasificado/veclcain-casa-en-venta-en-colinas-de-san-miguel-culiacan-146212835.html","1","11"
"147113926","Se vende?? hermosa casa? En Terracota Residencial (zona norte): * 3 recamaras? Amplias. *? 2 1/2 baños? *? Walk - in closet? En recámara principal. *?","Consultar","https://www.inmuebles24.com/propiedades/clasificado/veclcain-casa-en-venta-en-residencial-terracota-en-culiacan-147113926.html","1","12"
"147708671","En venta casa en La PrimaveraSan Juan 398 m2 Construcción370 m2 Terreno. Ácceso principal/recibidor. Cocina integral con electrodomesticos incluídos c","Consultar","https://www.inmuebles24.com/propiedades/clasificado/veclcain-casa-en-venta-en-la-primavera-san-juan-147708671.html","1","13"
"143018721","Casa nueva Equipada 3 recámaras c baño cada una, 4 aires acondicionados, sala, comedor, cocina, horno, refrigerador, barda trasera alta, cerca eléctri","Consultar","https://www.inmuebles24.com/propiedades/clasificado/veclcapa-venta-de-casa-amueblada-vitalia-la-conquista-143018721.html","1","14"
"143508352","Venta de casa por Mariano Escobedo primer cuadro de la ciudad. Excelente ubicación, cerca de hospitales, mercado, Restaurant. Supermercado, bancos. La","Consultar","https://www.inmuebles24.com/propiedades/clasificado/veclcain-venta-de-casa-por-calle-mariano-escobedo-centro-de-la-143508352.html","1","15"
"147805533","Estrena casa en Desarrollo Urbano Tres Rios. 5 minutos de Plaza 4 Rios y Forum Culiacan. Son 200 mts de terreno. Construcción: 380mts2. Planta baja. C","Consultar","https://www.inmuebles24.com/propiedades/clasificado/veclcain-casa-en-venta-culiacan-nueva-tres-rios-4-recamaras-147805533.html","1","16"
"147661688","Casa La Cantera3 habitaciones, 3. 5 bañosModelo Naranja (4) (Sin equipamiento) Area de cocinaSalaComedorSala de tvvestidor en recamara principalVestid","Consultar","https://www.inmuebles24.com/propiedades/clasificado/veclcain-casa-en-venta-la-cantera-culiacan-147661688.html","1","17"
"147113904","Finca La Abuela en condado de San Francisco (Zona norte de Culiacán): Con valor de $11 millones de pesos. Cuenta con una superficie de 600 m2, tres re","Consultar","https://www.inmuebles24.com/propiedades/clasificado/veclcain-casa-y-campestre-en-condado-de-san-francisco-147113904.html","1","18"
"147814499","Casa en Venta – Colonia Guadalupe, CuliacánOportunidad de adquirir una residencia ubicada en una de las zonas más consolidadas y con mayor plusvalía d","Consultar","https://www.inmuebles24.com/propiedades/clasificado/veclcain-casa-en-venta-colonia-guadalupe-culiacan-147814499.html","1","19"
"144572398","Casa en Venta en Residencial Hacienda: • 3 Recámaras. • 2 Baños y 1 medio baño. • 122. 40 M2 de superficie. • 211. 39 M2 de construcción. • Estacionam","Consultar","https://www.inmuebles24.com/propiedades/clasificado/veclcain-casa-en-venta-en-residencial-hacienda-3-recamaras-144572398.html","1","20"
"145337185","Residencia en venta en Culiacán en Isla Músala con alberca propia, en privada con acceso controlado y alberca propia, A precio oportunidad de venta A ","Consultar","https://www.inmuebles24.com/propiedades/clasificado/veclcain-casa-en-venta-en-culiacan-con-alberca-145337185.html","1","21"
"147501147","Se vende casa en el barrio de Isla del Oeste en La Primavera colindante a canal, con amplios espacios, muy buenos acabados y en una ubicación privileg","Consultar","https://www.inmuebles24.com/propiedades/clasificado/veclcain-se-vende-casa-en-isla-del-oeste-en-la-primavera-147501147.html","1","22"
"147113878","Hermosa casa en venta en Fraccionamiento Portalegre Residencial con excelente ubicación en la zona norte de Culiacán, Sinaloa? $1, 850, 000? 2 Habitac","Consultar","https://www.inmuebles24.com/propiedades/clasificado/veclcain-casa-en-portalegre-residencial-147113878.html","1","23"
"143854309","Se vende casa en excelente estado de conservación con muy buenos acabados cerca del Club Colinas","Consultar","https://www.inmuebles24.com/propiedades/clasificado/veclcain-se-vende-casa-en-colinas-de-san-miguel-143854309.html","1","24"
"144602544","Amplia casa en renta en la colonia cuahutemoc cerca de importantes plazas comerciales, escuelas Y avenidas principales. Colonia tranquila Y segura. Ca","Consultar","https://www.inmuebles24.com/propiedades/clasificado/veclcain-amplia-casa-en-renta-o-venta-a-2-min.-de-plaza-sendero-144602544.html","1","25"
"145215095","Tu Nuevo Comienzo en Tres RíosModerna casa en privada con doble frente — Culiacán, SinaloaImagina despertar cada mañana en una zona segura, tranquila ","Consultar","https://www.inmuebles24.com/propiedades/clasificado/veclcain-vendo-casa-en-desarrollo-urbano-tres-rios-culiacan-145215095.html","1","26"
"147113875","Hermosa casa en venta en Residencial Terracota (Zona norte de Culiacán) Con amplios espacios y medidas 7. 5 x 17. 5 metros de superficie, esta propied","Consultar","https://www.inmuebles24.com/propiedades/clasificado/veclcain-casa-en-terracota-residencial-147113875.html","1","27"
"147661732","Casa La Cantera3 habitaciones, 3. 5 bañosModelo Gris (1) (Sin equipamiento) Area de cocinaSalaComedorSala de tvvestidor en recamara principalPaitio de","Consultar","https://www.inmuebles24.com/propiedades/clasificado/veclcain-casa-en-venta-la-cantera-culiacan-147661732.html","1","28"
"145051303","Casas en venta Culiacan, Los Pinos. Sup terreno 289. 92 M2. Dimensiones 7 m x 42 m. Sup construcción 296. 27 m2. 3 niveles. P. B. Cochera 2 autos. Ofi","Consultar","https://www.inmuebles24.com/propiedades/clasificado/veclcain-casas-en-venta-culiacan-los-pinos-amplio-terreno-145051303.html","1","29"
"145389374","En venta casa en culiacan, se ubica en esquina en el (primer cuadro del centro de la ciudad) ""inversion garantizada"", consta de: -- 3 recamaras. -- ","Consultar","https://www.inmuebles24.com/propiedades/clasificado/veclcain-en-venta-casa-en-culiacan-145389374.html","1","30"
"142261706","Casas en Parque Mallorca, Lomas de Angelópolis – Desde $2, 650, 000 mxn. Descubre tu nuevo hogar en Parque Mallorca, un exclusivo conjunto residencial","Consultar","https://www.inmuebles24.com/propiedades/desarrollo/ememhoin-casa-en-venta-en-puebla-lomas-de-angelopolis.-142261706.html","2","31"
"146949858","B-msn6554Casa en Venta – Los Canales, Puerto CancúnSuperficie: Terreno: 609 m²Construcción: 637 m²Características GeneralesSala: Amplia y luminosa, id","Consultar","https://www.inmuebles24.com/propiedades/clasificado/veclcain-casa-en-venta-en-puerto-cancun-146949858.html","2","32"
"145063327","¿Buscas una casa amplia con jardín y alaberca privada, en fraccionamiento con vigilancia, para vivir en tranquilidad con tu familia? El fraccionamient","Consultar","https://www.inmuebles24.com/propiedades/desarrollo/ememhoin-casa-en-venta-con-alberca-y-jardin-privado-al-sur-de-145063327.html","2","33"
"143969297","Viva en el fraccionamiento con mayor plusvalia de la zona, estrene esta espectacular residencia construida en uno de los mejores terrenos de rancho sa","Consultar","https://www.inmuebles24.com/propiedades/clasificado/veclcain-estrene-espectacular-residencia-en-rancho-san-juan-143969297.html","2","34"
"147168732","Estrena casa o terreno dentro de Rincón Acatitlán, el fraccionamiento más esperado de Valle, ubicado en Acatitlán, la zona con mayor plusvalía y creci","Consultar","https://www.inmuebles24.com/propiedades/desarrollo/ememhoin-casas-y-terrenos-en-preventa-fraccionamiento-en-147168732.html","2","35"
"146198628","Venta de moderna residencia con vista panorámica en el Fracc. Lomas de Cocoyoc! Construida en dos niveles con acabados de lujo con recibidor a doble a","Consultar","https://www.inmuebles24.com/propiedades/clasificado/veclcain-venta-de-casa-en-lomas-de-cocoyoc-146198628.html","2","36"
"146702434","Casa en Venta en La Vista Country Club para inversión ya que cuenta con contrato de arrendamiento con un pago de renta mensual de $67, 000 que vence e","Consultar","https://www.inmuebles24.com/propiedades/clasificado/veclcain-casa-en-venta-en-la-vista-country-club-146702434.html","2","37"
"146958382","Sierra Nogal es una de las colonias residenciales más exclusivas y seguras de León, Guanajuato, reconocida por su ambiente tranquilo, excelente urbani","Consultar","https://www.inmuebles24.com/propiedades/clasificado/veclcain-casa-en-venta-colonia-sierra-nogal.-leon-guanajuato-146958382.html","2","38"
"147705030","Descubre La Casita Conkal. Un espacio único, moderno y acogedor en el corazón de Conkal. Sala – comedor con vista a la piscina. Cocina integral en enc","Consultar","https://www.inmuebles24.com/propiedades/clasificado/veclcain-casa-de-1-piso-en-venta-147705030.html","2","39"
"147066861","Disfruta de una residencia de lujo con amplios espacios, acabados de alto nivel y diseño arquitectónico contemporáneo. Esta propiedad de 325 m² habita","Consultar","https://www.inmuebles24.com/propiedades/clasificado/veclcain-casa-en-venta-via-cumbres-huayacan-centro-cancun-147066861.html","2","40"
"147424975","Casa en Venta en Lomas de Padierna | Tlalpan, Ciudad de México. ¡La oportunidad de remodelar y vivir en una casa con gran potencial en esquina! Descub","Consultar","https://www.inmuebles24.com/propiedades/clasificado/veclcain-casa-en-venta-en-tlalpan-147424975.html","2","41"
"147693546","Casa al norte de Mérida, en privada con amenidades como terraza techada para 40 personas, juegos infantiles, alberca, etc. planta baja: -Cochera techa","Consultar","https://www.inmuebles24.com/propiedades/clasificado/veclcain-casa-al-norte-de-merida-conkal-con-amplio-patio-147693546.html","2","42"
"144042769","Gm – Exclusiva residencia en El Campanario diseñada por el arquitecto mexicano y museógrafo Carlos Torre Hütt, reconocido como uno de los 21 talentos ","Consultar","https://www.inmuebles24.com/propiedades/clasificado/veclcain-casa-en-venta-en-el-campanario-queretaro-144042769.html","2","43"
"146232261","Casa Nueva en VentaVista Alta Residencial Boca del Río A 5 mins de Plaza el Dorado *Modelo piconstrucción: 91. 5 m2 Terreno: 120 m2$2, 000, 000 +Gasto","Consultar","https://www.inmuebles24.com/propiedades/clasificado/veclcain-casa-nueva-en-venta-boca-del-rio-146232261.html","2","44"
"146736871","Casa en Venta en Residencial Kinara, San Bernandino Tlaxcalancingo, Puebla. A unas calles del Chedraui Selecto de la Atlixcayolt. Terreno 137. 21 m2. ","Consultar","https://www.inmuebles24.com/propiedades/clasificado/veclcain-casa-en-venta-en-residencial-kinara-angelopolis-146736871.html","2","45"
"144717379","La zona de Desierto de los Leones, ubicada en Tetelpan, Álvaro Obregón, es una de las áreas más privilegiadas al poniente de la Ciudad de México para ","Consultar","https://www.inmuebles24.com/propiedades/clasificado/veclcain-casa-en-venta-lomas-de-los-angeles.-tetelpan-alvaro-144717379.html","2","46"
"145910820","Casa en venta San Jerónimo en Privada La Vereda, Monterrey N. L. Eb-rb6734 Residencia ubicada en exclusivo fraccionamiento en zona San Jerónimo ubicad","Consultar","https://www.inmuebles24.com/propiedades/clasificado/veclcain-casa-en-venta-san-jeronimo-privada-la-vereda-145910820.html","2","47"
"147421498","Magnifica casa tipo town house, en una de las zonas mas exclusivas de la cdmx, vigilancia 24 horas, tres recamasras, la principal con un gran vestidor","Consultar","https://www.inmuebles24.com/propiedades/clasificado/veclcain-casa-en-lomas-de-bezares-147421498.html","2","48"
"144528510","Estrene hermosa casa que cuenta con: garage para 3 autos, estancia amplia para sala Y comedor, cocina equipada, medio baño de visitas, alacena, patio,","Consultar","https://www.inmuebles24.com/propiedades/clasificado/veclcain-se-vende-excelente-casa-para-estrenar-144528510.html","2","49"
"147293972","Ven y aprovecha esta magnifica oportunidad de adquirir esta casa en un fraccionamiento de gran seguridad y plusvalia en un excelente precio. Personali","Consultar","https://www.inmuebles24.com/propiedades/clasificado/veclcain-casa-en-venta-en-la-estadia-super-oportunidad-147293972.html","2","50"
"145358182","La zona cuenta con residencias en exclusivos condominios, zonas comerciales y de servicios en etapa de preventa y de ¡entrega inmediata! La opción ide","Consultar","https://www.inmuebles24.com/propiedades/clasificado/veclcain-casa-en-venta-en-queretaro-meseta-area-sonterra-145358182.html","2","51"
"146334750","Hermosa residencia A orilla del lago, tequesquitengo morelos. Superficie total 2, 249 M2. Construcción 550 M2. casa principalcasa principal en un espa","Consultar","https://www.inmuebles24.com/propiedades/clasificado/veclcain-casa-blanca-en-venta-teques-146334750.html","2","52"
"145814440","Hermosa casa ubicada en Parque Veracruz, en la zona de Cascatta dentro del Residencial Lomas de Angelópolis. Ubicada frente a área verde lo que le hac","Consultar","https://www.inmuebles24.com/propiedades/clasificado/veclcain-casa-en-venta-frente-area-verde-parque-veracruz-145814440.html","2","53"
"146136742","Ubicada en Ejido Norte Sur 369, Colonia La Purísima, esta casa en venta en El Salto, Jalisco, se encuentra en una de las zonas con mayor crecimiento y","Consultar","https://www.inmuebles24.com/propiedades/clasificado/veclcain-casa-en-venta-col.-la-purisima-el-salto-jalisco.-146136742.html","2","54"
"147535611","Tu casa en Huamantla, Pueblo Mágico con tradición y modernidad. Vive en un entorno tranquilo y seguro, con excelente conectividad: A solo 5 minutos de","Consultar","https://www.inmuebles24.com/propiedades/clasificado/veclcain-casa-en-venta-en-col.-nuevos-horizontes-huamantla-147535611.html","2","55"
"143718838","El-Tequisquiapan Qro. Pueblo Mágico. Lleno de artesanía, ideal para relajarse y pasar un excelente fin de semana en familia o con amigos, un lugar en ","Consultar","https://www.inmuebles24.com/propiedades/clasificado/veclcain-casa-en-venta-tequisquiapan-queretaro-143718838.html","2","56"
"145230463","Casa en venta en Arboledas de San Ignacio, dentro de fraccionamiento con vigilancia las 24 horas, con cuatro recámaras, cuatro baños completos, cuarto","Consultar","https://www.inmuebles24.com/propiedades/clasificado/veclcain-casa-en-venta-en-arboledas-de-san-ignacio-con-cuatro-145230463.html","2","57"
"147820821","Residencial exclusiva y privada, creado para vivir en un ambiente familiar rodeado de naturaleza y espacios funcionales. Su ubicación estratégica al n","Consultar","https://www.inmuebles24.com/propiedades/clasificado/veclcain-casa-de-una-planta-en-privada-en-venta-al-norte-de-147820821.html","2","58"
"147571392","Linda casa, con mucho potencial, para actualizar, a media calle del centro comercial Artz, cerca de escuelas, hospitales y servicios. Cuenta con 1, 33","Consultar","https://www.inmuebles24.com/propiedades/clasificado/veclcain-casa-en-venta-en-la-calle-de-picacho-jardines-del-147571392.html","2","59"
"146024173","Casa Modelo Encino de 105. 00 m2. 1. - Cochera (1) 2. - Sala. 3. - Comedor. 4. - Cocina. 5. - Desayunador. 6. - Recamara con baño. 7. - Recamara / est","Consultar","https://www.inmuebles24.com/propiedades/clasificado/veclcain-casa-encino-fracc.-monarca-ramos-arizpe-coah.-146024173.html","2","60"
"142261706","Casas en Parque Mallorca, Lomas de Angelópolis – Desde $2, 650, 000 mxn. Descubre tu nuevo hogar en Parque Mallorca, un exclusivo conjunto residencial","Consultar","https://www.inmuebles24.com/propiedades/desarrollo/ememhoin-casa-en-venta-en-puebla-lomas-de-angelopolis.-142261706.html","3","61"
"146949858","B-msn6554Casa en Venta – Los Canales, Puerto CancúnSuperficie: Terreno: 609 m²Construcción: 637 m²Características GeneralesSala: Amplia y luminosa, id","Consultar","https://www.inmuebles24.com/propiedades/clasificado/veclcain-casa-en-venta-en-puerto-cancun-146949858.html","3","62"
"145063327","¿Buscas una casa amplia con jardín y alaberca privada, en fraccionamiento con vigilancia, para vivir en tranquilidad con tu familia? El fraccionamient","Consultar","https://www.inmuebles24.com/propiedades/desarrollo/ememhoin-casa-en-venta-con-alberca-y-jardin-privado-al-sur-de-145063327.html","3","63"
"143969297","Viva en el fraccionamiento con mayor plusvalia de la zona, estrene esta espectacular residencia construida en uno de los mejores terrenos de rancho sa","Consultar","https://www.inmuebles24.com/propiedades/clasificado/veclcain-estrene-espectacular-residencia-en-rancho-san-juan-143969297.html","3","64"
"147168732","Estrena casa o terreno dentro de Rincón Acatitlán, el fraccionamiento más esperado de Valle, ubicado en Acatitlán, la zona con mayor plusvalía y creci","Consultar","https://www.inmuebles24.com/propiedades/desarrollo/ememhoin-casas-y-terrenos-en-preventa-fraccionamiento-en-147168732.html","3","65"
"146198628","Venta de moderna residencia con vista panorámica en el Fracc. Lomas de Cocoyoc! Construida en dos niveles con acabados de lujo con recibidor a doble a","Consultar","https://www.inmuebles24.com/propiedades/clasificado/veclcain-venta-de-casa-en-lomas-de-cocoyoc-146198628.html","3","66"
"146702434","Casa en Venta en La Vista Country Club para inversión ya que cuenta con contrato de arrendamiento con un pago de renta mensual de $67, 000 que vence e","Consultar","https://www.inmuebles24.com/propiedades/clasificado/veclcain-casa-en-venta-en-la-vista-country-club-146702434.html","3","67"
"146958382","Sierra Nogal es una de las colonias residenciales más exclusivas y seguras de León, Guanajuato, reconocida por su ambiente tranquilo, excelente urbani","Consultar","https://www.inmuebles24.com/propiedades/clasificado/veclcain-casa-en-venta-colonia-sierra-nogal.-leon-guanajuato-146958382.html","3","68"
"147705030","Descubre La Casita Conkal. Un espacio único, moderno y acogedor en el corazón de Conkal. Sala – comedor con vista a la piscina. Cocina integral en enc","Consultar","https://www.inmuebles24.com/propiedades/clasificado/veclcain-casa-de-1-piso-en-venta-147705030.html","3","69"
"147066861","Disfruta de una residencia de lujo con amplios espacios, acabados de alto nivel y diseño arquitectónico contemporáneo. Esta propiedad de 325 m² habita","Consultar","https://www.inmuebles24.com/propiedades/clasificado/veclcain-casa-en-venta-via-cumbres-huayacan-centro-cancun-147066861.html","3","70"
"147424975","Casa en Venta en Lomas de Padierna | Tlalpan, Ciudad de México. ¡La oportunidad de remodelar y vivir en una casa con gran potencial en esquina! Descub","Consultar","https://www.inmuebles24.com/propiedades/clasificado/veclcain-casa-en-venta-en-tlalpan-147424975.html","3","71"
"147693546","Casa al norte de Mérida, en privada con amenidades como terraza techada para 40 personas, juegos infantiles, alberca, etc. planta baja: -Cochera techa","Consultar","https://www.inmuebles24.com/propiedades/clasificado/veclcain-casa-al-norte-de-merida-conkal-con-amplio-patio-147693546.html","3","72"
"144042769","Gm – Exclusiva residencia en El Campanario diseñada por el arquitecto mexicano y museógrafo Carlos Torre Hütt, reconocido como uno de los 21 talentos ","Consultar","https://www.inmuebles24.com/propiedades/clasificado/veclcain-casa-en-venta-en-el-campanario-queretaro-144042769.html","3","73"
"146232261","Casa Nueva en VentaVista Alta Residencial Boca del Río A 5 mins de Plaza el Dorado *Modelo piconstrucción: 91. 5 m2 Terreno: 120 m2$2, 000, 000 +Gasto","Consultar","https://www.inmuebles24.com/propiedades/clasificado/veclcain-casa-nueva-en-venta-boca-del-rio-146232261.html","3","74"
"146736871","Casa en Venta en Residencial Kinara, San Bernandino Tlaxcalancingo, Puebla. A unas calles del Chedraui Selecto de la Atlixcayolt. Terreno 137. 21 m2. ","Consultar","https://www.inmuebles24.com/propiedades/clasificado/veclcain-casa-en-venta-en-residencial-kinara-angelopolis-146736871.html","3","75"
"144717379","La zona de Desierto de los Leones, ubicada en Tetelpan, Álvaro Obregón, es una de las áreas más privilegiadas al poniente de la Ciudad de México para ","Consultar","https://www.inmuebles24.com/propiedades/clasificado/veclcain-casa-en-venta-lomas-de-los-angeles.-tetelpan-alvaro-144717379.html","3","76"
"145910820","Casa en venta San Jerónimo en Privada La Vereda, Monterrey N. L. Eb-rb6734 Residencia ubicada en exclusivo fraccionamiento en zona San Jerónimo ubicad","Consultar","https://www.inmuebles24.com/propiedades/clasificado/veclcain-casa-en-venta-san-jeronimo-privada-la-vereda-145910820.html","3","77"
"147421498","Magnifica casa tipo town house, en una de las zonas mas exclusivas de la cdmx, vigilancia 24 horas, tres recamasras, la principal con un gran vestidor","Consultar","https://www.inmuebles24.com/propiedades/clasificado/veclcain-casa-en-lomas-de-bezares-147421498.html","3","78"
"144528510","Estrene hermosa casa que cuenta con: garage para 3 autos, estancia amplia para sala Y comedor, cocina equipada, medio baño de visitas, alacena, patio,","Consultar","https://www.inmuebles24.com/propiedades/clasificado/veclcain-se-vende-excelente-casa-para-estrenar-144528510.html","3","79"
"147293972","Ven y aprovecha esta magnifica oportunidad de adquirir esta casa en un fraccionamiento de gran seguridad y plusvalia en un excelente precio. Personali","Consultar","https://www.inmuebles24.com/propiedades/clasificado/veclcain-casa-en-venta-en-la-estadia-super-oportunidad-147293972.html","3","80"
"145358182","La zona cuenta con residencias en exclusivos condominios, zonas comerciales y de servicios en etapa de preventa y de ¡entrega inmediata! La opción ide","Consultar","https://www.inmuebles24.com/propiedades/clasificado/veclcain-casa-en-venta-en-queretaro-meseta-area-sonterra-145358182.html","3","81"
"146334750","Hermosa residencia A orilla del lago, tequesquitengo morelos. Superficie total 2, 249 M2. Construcción 550 M2. casa principalcasa principal en un espa","Consultar","https://www.inmuebles24.com/propiedades/clasificado/veclcain-casa-blanca-en-venta-teques-146334750.html","3","82"
"145814440","Hermosa casa ubicada en Parque Veracruz, en la zona de Cascatta dentro del Residencial Lomas de Angelópolis. Ubicada frente a área verde lo que le hac","Consultar","https://www.inmuebles24.com/propiedades/clasificado/veclcain-casa-en-venta-frente-area-verde-parque-veracruz-145814440.html","3","83"
"146136742","Ubicada en Ejido Norte Sur 369, Colonia La Purísima, esta casa en venta en El Salto, Jalisco, se encuentra en una de las zonas con mayor crecimiento y","Consultar","https://www.inmuebles24.com/propiedades/clasificado/veclcain-casa-en-venta-col.-la-purisima-el-salto-jalisco.-146136742.html","3","84"
"147535611","Tu casa en Huamantla, Pueblo Mágico con tradición y modernidad. Vive en un entorno tranquilo y seguro, con excelente conectividad: A solo 5 minutos de","Consultar","https://www.inmuebles24.com/propiedades/clasificado/veclcain-casa-en-venta-en-col.-nuevos-horizontes-huamantla-147535611.html","3","85"
"143718838","El-Tequisquiapan Qro. Pueblo Mágico. Lleno de artesanía, ideal para relajarse y pasar un excelente fin de semana en familia o con amigos, un lugar en ","Consultar","https://www.inmuebles24.com/propiedades/clasificado/veclcain-casa-en-venta-tequisquiapan-queretaro-143718838.html","3","86"
"145230463","Casa en venta en Arboledas de San Ignacio, dentro de fraccionamiento con vigilancia las 24 horas, con cuatro recámaras, cuatro baños completos, cuarto","Consultar","https://www.inmuebles24.com/propiedades/clasificado/veclcain-casa-en-venta-en-arboledas-de-san-ignacio-con-cuatro-145230463.html","3","87"
"147820821","Residencial exclusiva y privada, creado para vivir en un ambiente familiar rodeado de naturaleza y espacios funcionales. Su ubicación estratégica al n","Consultar","https://www.inmuebles24.com/propiedades/clasificado/veclcain-casa-de-una-planta-en-privada-en-venta-al-norte-de-147820821.html","3","88"
"147571392","Linda casa, con mucho potencial, para actualizar, a media calle del centro comercial Artz, cerca de escuelas, hospitales y servicios. Cuenta con 1, 33","Consultar","https://www.inmuebles24.com/propiedades/clasificado/veclcain-casa-en-venta-en-la-calle-de-picacho-jardines-del-147571392.html","3","89"
"146024173","Casa Modelo Encino de 105. 00 m2. 1. - Cochera (1) 2. - Sala. 3. - Comedor. 4. - Cocina. 5. - Desayunador. 6. - Recamara con baño. 7. - Recamara / est","Consultar","https://www.inmuebles24.com/propiedades/clasificado/veclcain-casa-encino-fracc.-monarca-ramos-arizpe-coah.-146024173.html","3","90"
"142261706","Casas en Parque Mallorca, Lomas de Angelópolis – Desde $2, 650, 000 mxn. Descubre tu nuevo hogar en Parque Mallorca, un exclusivo conjunto residencial","Consultar","https://www.inmuebles24.com/propiedades/desarrollo/ememhoin-casa-en-venta-en-puebla-lomas-de-angelopolis.-142261706.html","4","91"
"146949858","B-msn6554Casa en Venta – Los Canales, Puerto CancúnSuperficie: Terreno: 609 m²Construcción: 637 m²Características GeneralesSala: Amplia y luminosa, id","Consultar","https://www.inmuebles24.com/propiedades/clasificado/veclcain-casa-en-venta-en-puerto-cancun-146949858.html","4","92"
"145063327","¿Buscas una casa amplia con jardín y alaberca privada, en fraccionamiento con vigilancia, para vivir en tranquilidad con tu familia? El fraccionamient","Consultar","https://www.inmuebles24.com/propiedades/desarrollo/ememhoin-casa-en-venta-con-alberca-y-jardin-privado-al-sur-de-145063327.html","4","93"
"143969297","Viva en el fraccionamiento con mayor plusvalia de la zona, estrene esta espectacular residencia construida en uno de los mejores terrenos de rancho sa","Consultar","https://www.inmuebles24.com/propiedades/clasificado/veclcain-estrene-espectacular-residencia-en-rancho-san-juan-143969297.html","4","94"
"147168732","Estrena casa o terreno dentro de Rincón Acatitlán, el fraccionamiento más esperado de Valle, ubicado en Acatitlán, la zona con mayor plusvalía y creci","Consultar","https://www.inmuebles24.com/propiedades/desarrollo/ememhoin-casas-y-terrenos-en-preventa-fraccionamiento-en-147168732.html","4","95"
"146198628","Venta de moderna residencia con vista panorámica en el Fracc. Lomas de Cocoyoc! Construida en dos niveles con acabados de lujo con recibidor a doble a","Consultar","https://www.inmuebles24.com/propiedades/clasificado/veclcain-venta-de-casa-en-lomas-de-cocoyoc-146198628.html","4","96"
"146702434","Casa en Venta en La Vista Country Club para inversión ya que cuenta con contrato de arrendamiento con un pago de renta mensual de $67, 000 que vence e","Consultar","https://www.inmuebles24.com/propiedades/clasificado/veclcain-casa-en-venta-en-la-vista-country-club-146702434.html","4","97"
"146958382","Sierra Nogal es una de las colonias residenciales más exclusivas y seguras de León, Guanajuato, reconocida por su ambiente tranquilo, excelente urbani","Consultar","https://www.inmuebles24.com/propiedades/clasificado/veclcain-casa-en-venta-colonia-sierra-nogal.-leon-guanajuato-146958382.html","4","98"
"147705030","Descubre La Casita Conkal. Un espacio único, moderno y acogedor en el corazón de Conkal. Sala – comedor con vista a la piscina. Cocina integral en enc","Consultar","https://www.inmuebles24.com/propiedades/clasificado/veclcain-casa-de-1-piso-en-venta-147705030.html","4","99"
"147066861","Disfruta de una residencia de lujo con amplios espacios, acabados de alto nivel y diseño arquitectónico contemporáneo. Esta propiedad de 325 m² habita","Consultar","https://www.inmuebles24.com/propiedades/clasificado/veclcain-casa-en-venta-via-cumbres-huayacan-centro-cancun-147066861.html","4","100"
"147424975","Casa en Venta en Lomas de Padierna | Tlalpan, Ciudad de México. ¡La oportunidad de remodelar y vivir en una casa con gran potencial en esquina! Descub","Consultar","https://www.inmuebles24.com/propiedades/clasificado/veclcain-casa-en-venta-en-tlalpan-147424975.html","4","101"
"147693546","Casa al norte de Mérida, en privada con amenidades como terraza techada para 40 personas, juegos infantiles, alberca, etc. planta baja: -Cochera techa","Consultar","https://www.inmuebles24.com/propiedades/clasificado/veclcain-casa-al-norte-de-merida-conkal-con-amplio-patio-147693546.html","4","102"
"144042769","Gm – Exclusiva residencia en El Campanario diseñada por el arquitecto mexicano y museógrafo Carlos Torre Hütt, reconocido como uno de los 21 talentos ","Consultar","https://www.inmuebles24.com/propiedades/clasificado/veclcain-casa-en-venta-en-el-campanario-queretaro-144042769.html","4","103"
"146232261","Casa Nueva en VentaVista Alta Residencial Boca del Río A 5 mins de Plaza el Dorado *Modelo piconstrucción: 91. 5 m2 Terreno: 120 m2$2, 000, 000 +Gasto","Consultar","https://www.inmuebles24.com/propiedades/clasificado/veclcain-casa-nueva-en-venta-boca-del-rio-146232261.html","4","104"
"146736871","Casa en Venta en Residencial Kinara, San Bernandino Tlaxcalancingo, Puebla. A unas calles del Chedraui Selecto de la Atlixcayolt. Terreno 137. 21 m2. ","Consultar","https://www.inmuebles24.com/propiedades/clasificado/veclcain-casa-en-venta-en-residencial-kinara-angelopolis-146736871.html","4","105"
"144717379","La zona de Desierto de los Leones, ubicada en Tetelpan, Álvaro Obregón, es una de las áreas más privilegiadas al poniente de la Ciudad de México para ","Consultar","https://www.inmuebles24.com/propiedades/clasificado/veclcain-casa-en-venta-lomas-de-los-angeles.-tetelpan-alvaro-144717379.html","4","106"
"145910820","Casa en venta San Jerónimo en Privada La Vereda, Monterrey N. L. Eb-rb6734 Residencia ubicada en exclusivo fraccionamiento en zona San Jerónimo ubicad","Consultar","https://www.inmuebles24.com/propiedades/clasificado/veclcain-casa-en-venta-san-jeronimo-privada-la-vereda-145910820.html","4","107"
"147421498","Magnifica casa tipo town house, en una de las zonas mas exclusivas de la cdmx, vigilancia 24 horas, tres recamasras, la principal con un gran vestidor","Consultar","https://www.inmuebles24.com/propiedades/clasificado/veclcain-casa-en-lomas-de-bezares-147421498.html","4","108"
"144528510","Estrene hermosa casa que cuenta con: garage para 3 autos, estancia amplia para sala Y comedor, cocina equipada, medio baño de visitas, alacena, patio,","Consultar","https://www.inmuebles24.com/propiedades/clasificado/veclcain-se-vende-excelente-casa-para-estrenar-144528510.html","4","109"
"147293972","Ven y aprovecha esta magnifica oportunidad de adquirir esta casa en un fraccionamiento de gran seguridad y plusvalia en un excelente precio. Personali","Consultar","https://www.inmuebles24.com/propiedades/clasificado/veclcain-casa-en-venta-en-la-estadia-super-oportunidad-147293972.html","4","110"
"145358182","La zona cuenta con residencias en exclusivos condominios, zonas comerciales y de servicios en etapa de preventa y de ¡entrega inmediata! La opción ide","Consultar","https://www.inmuebles24.com/propiedades/clasificado/veclcain-casa-en-venta-en-queretaro-meseta-area-sonterra-145358182.html","4","111"
"146334750","Hermosa residencia A orilla del lago, tequesquitengo morelos. Superficie total 2, 249 M2. Construcción 550 M2. casa principalcasa principal en un espa","Consultar","https://www.inmuebles24.com/propiedades/clasificado/veclcain-casa-blanca-en-venta-teques-146334750.html","4","112"
"145814440","Hermosa casa ubicada en Parque Veracruz, en la zona de Cascatta dentro del Residencial Lomas de Angelópolis. Ubicada frente a área verde lo que le hac","Consultar","https://www.inmuebles24.com/propiedades/clasificado/veclcain-casa-en-venta-frente-area-verde-parque-veracruz-145814440.html","4","113"
"146136742","Ubicada en Ejido Norte Sur 369, Colonia La Purísima, esta casa en venta en El Salto, Jalisco, se encuentra en una de las zonas con mayor crecimiento y","Consultar","https://www.inmuebles24.com/propiedades/clasificado/veclcain-casa-en-venta-col.-la-purisima-el-salto-jalisco.-146136742.html","4","114"
"147535611","Tu casa en Huamantla, Pueblo Mágico con tradición y modernidad. Vive en un entorno tranquilo y seguro, con excelente conectividad: A solo 5 minutos de","Consultar","https://www.inmuebles24.com/propiedades/clasificado/veclcain-casa-en-venta-en-col.-nuevos-horizontes-huamantla-147535611.html","4","115"
"143718838","El-Tequisquiapan Qro. Pueblo Mágico. Lleno de artesanía, ideal para relajarse y pasar un excelente fin de semana en familia o con amigos, un lugar en ","Consultar","https://www.inmuebles24.com/propiedades/clasificado/veclcain-casa-en-venta-tequisquiapan-queretaro-143718838.html","4","116"
"145230463","Casa en venta en Arboledas de San Ignacio, dentro de fraccionamiento con vigilancia las 24 horas, con cuatro recámaras, cuatro baños completos, cuarto","Consultar","https://www.inmuebles24.com/propiedades/clasificado/veclcain-casa-en-venta-en-arboledas-de-san-ignacio-con-cuatro-145230463.html","4","117"
"147820821","Residencial exclusiva y privada, creado para vivir en un ambiente familiar rodeado de naturaleza y espacios funcionales. Su ubicación estratégica al n","Consultar","https://www.inmuebles24.com/propiedades/clasificado/veclcain-casa-de-una-planta-en-privada-en-venta-al-norte-de-147820821.html","4","118"
"147571392","Linda casa, con mucho potencial, para actualizar, a media calle del centro comercial Artz, cerca de escuelas, hospitales y servicios. Cuenta con 1, 33","Consultar","https://www.inmuebles24.com/propiedades/clasificado/veclcain-casa-en-venta-en-la-calle-de-picacho-jardines-del-147571392.html","4","119"
"146024173","Casa Modelo Encino de 105. 00 m2. 1. - Cochera (1) 2. - Sala. 3. - Comedor. 4. - Cocina. 5. - Desayunador. 6. - Recamara con baño. 7. - Recamara / est","Consultar","https://www.inmuebles24.com/propiedades/clasificado/veclcain-casa-encino-fracc.-monarca-ramos-arizpe-coah.-146024173.html","4","120"
"142261706","Casas en Parque Mallorca, Lomas de Angelópolis – Desde $2, 650, 000 mxn. Descubre tu nuevo hogar en Parque Mallorca, un exclusivo conjunto residencial","Consultar","https://www.inmuebles24.com/propiedades/desarrollo/ememhoin-casa-en-venta-en-puebla-lomas-de-angelopolis.-142261706.html","5","121"
"146949858","B-msn6554Casa en Venta – Los Canales, Puerto CancúnSuperficie: Terreno: 609 m²Construcción: 637 m²Características GeneralesSala: Amplia y luminosa, id","Consultar","https://www.inmuebles24.com/propiedades/clasificado/veclcain-casa-en-venta-en-puerto-cancun-146949858.html","5","122"
"145063327","¿Buscas una casa amplia con jardín y alaberca privada, en fraccionamiento con vigilancia, para vivir en tranquilidad con tu familia? El fraccionamient","Consultar","https://www.inmuebles24.com/propiedades/desarrollo/ememhoin-casa-en-venta-con-alberca-y-jardin-privado-al-sur-de-145063327.html","5","123"
"143969297","Viva en el fraccionamiento con mayor plusvalia de la zona, estrene esta espectacular residencia construida en uno de los mejores terrenos de rancho sa","Consultar","https://www.inmuebles24.com/propiedades/clasificado/veclcain-estrene-espectacular-residencia-en-rancho-san-juan-143969297.html","5","124"
"147168732","Estrena casa o terreno dentro de Rincón Acatitlán, el fraccionamiento más esperado de Valle, ubicado en Acatitlán, la zona con mayor plusvalía y creci","Consultar","https://www.inmuebles24.com/propiedades/desarrollo/ememhoin-casas-y-terrenos-en-preventa-fraccionamiento-en-147168732.html","5","125"
"146198628","Venta de moderna residencia con vista panorámica en el Fracc. Lomas de Cocoyoc! Construida en dos niveles con acabados de lujo con recibidor a doble a","Consultar","https://www.inmuebles24.com/propiedades/clasificado/veclcain-venta-de-casa-en-lomas-de-cocoyoc-146198628.html","5","126"
"146702434","Casa en Venta en La Vista Country Club para inversión ya que cuenta con contrato de arrendamiento con un pago de renta mensual de $67, 000 que vence e","Consultar","https://www.inmuebles24.com/propiedades/clasificado/veclcain-casa-en-venta-en-la-vista-country-club-146702434.html","5","127"
"146958382","Sierra Nogal es una de las colonias residenciales más exclusivas y seguras de León, Guanajuato, reconocida por su ambiente tranquilo, excelente urbani","Consultar","https://www.inmuebles24.com/propiedades/clasificado/veclcain-casa-en-venta-colonia-sierra-nogal.-leon-guanajuato-146958382.html","5","128"
"147705030","Descubre La Casita Conkal. Un espacio único, moderno y acogedor en el corazón de Conkal. Sala – comedor con vista a la piscina. Cocina integral en enc","Consultar","https://www.inmuebles24.com/propiedades/clasificado/veclcain-casa-de-1-piso-en-venta-147705030.html","5","129"
"147066861","Disfruta de una residencia de lujo con amplios espacios, acabados de alto nivel y diseño arquitectónico contemporáneo. Esta propiedad de 325 m² habita","Consultar","https://www.inmuebles24.com/propiedades/clasificado/veclcain-casa-en-venta-via-cumbres-huayacan-centro-cancun-147066861.html","5","130"
"147424975","Casa en Venta en Lomas de Padierna | Tlalpan, Ciudad de México. ¡La oportunidad de remodelar y vivir en una casa con gran potencial en esquina! Descub","Consultar","https://www.inmuebles24.com/propiedades/clasificado/veclcain-casa-en-venta-en-tlalpan-147424975.html","5","131"
"147693546","Casa al norte de Mérida, en privada con amenidades como terraza techada para 40 personas, juegos infantiles, alberca, etc. planta baja: -Cochera techa","Consultar","https://www.inmuebles24.com/propiedades/clasificado/veclcain-casa-al-norte-de-merida-conkal-con-amplio-patio-147693546.html","5","132"
"144042769","Gm – Exclusiva residencia en El Campanario diseñada por el arquitecto mexicano y museógrafo Carlos Torre Hütt, reconocido como uno de los 21 talentos ","Consultar","https://www.inmuebles24.com/propiedades/clasificado/veclcain-casa-en-venta-en-el-campanario-queretaro-144042769.html","5","133"
"146232261","Casa Nueva en VentaVista Alta Residencial Boca del Río A 5 mins de Plaza el Dorado *Modelo piconstrucción: 91. 5 m2 Terreno: 120 m2$2, 000, 000 +Gasto","Consultar","https://www.inmuebles24.com/propiedades/clasificado/veclcain-casa-nueva-en-venta-boca-del-rio-146232261.html","5","134"
"146736871","Casa en Venta en Residencial Kinara, San Bernandino Tlaxcalancingo, Puebla. A unas calles del Chedraui Selecto de la Atlixcayolt. Terreno 137. 21 m2. ","Consultar","https://www.inmuebles24.com/propiedades/clasificado/veclcain-casa-en-venta-en-residencial-kinara-angelopolis-146736871.html","5","135"
"144717379","La zona de Desierto de los Leones, ubicada en Tetelpan, Álvaro Obregón, es una de las áreas más privilegiadas al poniente de la Ciudad de México para ","Consultar","https://www.inmuebles24.com/propiedades/clasificado/veclcain-casa-en-venta-lomas-de-los-angeles.-tetelpan-alvaro-144717379.html","5","136"
"145910820","Casa en venta San Jerónimo en Privada La Vereda, Monterrey N. L. Eb-rb6734 Residencia ubicada en exclusivo fraccionamiento en zona San Jerónimo ubicad","Consultar","https://www.inmuebles24.com/propiedades/clasificado/veclcain-casa-en-venta-san-jeronimo-privada-la-vereda-145910820.html","5","137"
"147421498","Magnifica casa tipo town house, en una de las zonas mas exclusivas de la cdmx, vigilancia 24 horas, tres recamasras, la principal con un gran vestidor","Consultar","https://www.inmuebles24.com/propiedades/clasificado/veclcain-casa-en-lomas-de-bezares-147421498.html","5","138"
"144528510","Estrene hermosa casa que cuenta con: garage para 3 autos, estancia amplia para sala Y comedor, cocina equipada, medio baño de visitas, alacena, patio,","Consultar","https://www.inmuebles24.com/propiedades/clasificado/veclcain-se-vende-excelente-casa-para-estrenar-144528510.html","5","139"
"147293972","Ven y aprovecha esta magnifica oportunidad de adquirir esta casa en un fraccionamiento de gran seguridad y plusvalia en un excelente precio. Personali","Consultar","https://www.inmuebles24.com/propiedades/clasificado/veclcain-casa-en-venta-en-la-estadia-super-oportunidad-147293972.html","5","140"
"145358182","La zona cuenta con residencias en exclusivos condominios, zonas comerciales y de servicios en etapa de preventa y de ¡entrega inmediata! La opción ide","Consultar","https://www.inmuebles24.com/propiedades/clasificado/veclcain-casa-en-venta-en-queretaro-meseta-area-sonterra-145358182.html","5","141"
"146334750","Hermosa residencia A orilla del lago, tequesquitengo morelos. Superficie total 2, 249 M2. Construcción 550 M2. casa principalcasa principal en un espa","Consultar","https://www.inmuebles24.com/propiedades/clasificado/veclcain-casa-blanca-en-venta-teques-146334750.html","5","142"
"145814440","Hermosa casa ubicada en Parque Veracruz, en la zona de Cascatta dentro del Residencial Lomas de Angelópolis. Ubicada frente a área verde lo que le hac","Consultar","https://www.inmuebles24.com/propiedades/clasificado/veclcain-casa-en-venta-frente-area-verde-parque-veracruz-145814440.html","5","143"
"146136742","Ubicada en Ejido Norte Sur 369, Colonia La Purísima, esta casa en venta en El Salto, Jalisco, se encuentra en una de las zonas con mayor crecimiento y","Consultar","https://www.inmuebles24.com/propiedades/clasificado/veclcain-casa-en-venta-col.-la-purisima-el-salto-jalisco.-146136742.html","5","144"
"147535611","Tu casa en Huamantla, Pueblo Mágico con tradición y modernidad. Vive en un entorno tranquilo y seguro, con excelente conectividad: A solo 5 minutos de","Consultar","https://www.inmuebles24.com/propiedades/clasificado/veclcain-casa-en-venta-en-col.-nuevos-horizontes-huamantla-147535611.html","5","145"
"143718838","El-Tequisquiapan Qro. Pueblo Mágico. Lleno de artesanía, ideal para relajarse y pasar un excelente fin de semana en familia o con amigos, un lugar en ","Consultar","https://www.inmuebles24.com/propiedades/clasificado/veclcain-casa-en-venta-tequisquiapan-queretaro-143718838.html","5","146"
"145230463","Casa en venta en Arboledas de San Ignacio, dentro de fraccionamiento con vigilancia las 24 horas, con cuatro recámaras, cuatro baños completos, cuarto","Consultar","https://www.inmuebles24.com/propiedades/clasificado/veclcain-casa-en-venta-en-arboledas-de-san-ignacio-con-cuatro-145230463.html","5","147"
"147820821","Residencial exclusiva y privada, creado para vivir en un ambiente familiar rodeado de naturaleza y espacios funcionales. Su ubicación estratégica al n","Consultar","https://www.inmuebles24.com/propiedades/clasificado/veclcain-casa-de-una-planta-en-privada-en-venta-al-norte-de-147820821.html","5","148"
"147571392","Linda casa, con mucho potencial, para actualizar, a media calle del centro comercial Artz, cerca de escuelas, hospitales y servicios. Cuenta con 1, 33","Consultar","https://www.inmuebles24.com/propiedades/clasificado/veclcain-casa-en-venta-en-la-calle-de-picacho-jardines-del-147571392.html","5","149"
"146024173","Casa Modelo Encino de 105. 00 m2. 1. - Cochera (1) 2. - Sala. 3. - Comedor. 4. - Cocina. 5. - Desayunador. 6. - Recamara con baño. 7. - Recamara / est","Consultar","https://www.inmuebles24.com/propiedades/clasificado/veclcain-casa-encino-fracc.-monarca-ramos-arizpe-coah.-146024173.html","5","150"
"142261706","Casas en Parque Mallorca, Lomas de Angelópolis – Desde $2, 650, 000 mxn. Descubre tu nuevo hogar en Parque Mallorca, un exclusivo conjunto residencial","Consultar","https://www.inmuebles24.com/propiedades/desarrollo/ememhoin-casa-en-venta-en-puebla-lomas-de-angelopolis.-142261706.html","6","151"
"146949858","B-msn6554Casa en Venta – Los Canales, Puerto CancúnSuperficie: Terreno: 609 m²Construcción: 637 m²Características GeneralesSala: Amplia y luminosa, id","Consultar","https://www.inmuebles24.com/propiedades/clasificado/veclcain-casa-en-venta-en-puerto-cancun-146949858.html","6","152"
"145063327","¿Buscas una casa amplia con jardín y alaberca privada, en fraccionamiento con vigilancia, para vivir en tranquilidad con tu familia? El fraccionamient","Consultar","https://www.inmuebles24.com/propiedades/desarrollo/ememhoin-casa-en-venta-con-alberca-y-jardin-privado-al-sur-de-145063327.html","6","153"
"143969297","Viva en el fraccionamiento con mayor plusvalia de la zona, estrene esta espectacular residencia construida en uno de los mejores terrenos de rancho sa","Consultar","https://www.inmuebles24.com/propiedades/clasificado/veclcain-estrene-espectacular-residencia-en-rancho-san-juan-143969297.html","6","154"
"147168732","Estrena casa o terreno dentro de Rincón Acatitlán, el fraccionamiento más esperado de Valle, ubicado en Acatitlán, la zona con mayor plusvalía y creci","Consultar","https://www.inmuebles24.com/propiedades/desarrollo/ememhoin-casas-y-terrenos-en-preventa-fraccionamiento-en-147168732.html","6","155"
"146198628","Venta de moderna residencia con vista panorámica en el Fracc. Lomas de Cocoyoc! Construida en dos niveles con acabados de lujo con recibidor a doble a","Consultar","https://www.inmuebles24.com/propiedades/clasificado/veclcain-venta-de-casa-en-lomas-de-cocoyoc-146198628.html","6","156"
"146702434","Casa en Venta en La Vista Country Club para inversión ya que cuenta con contrato de arrendamiento con un pago de renta mensual de $67, 000 que vence e","Consultar","https://www.inmuebles24.com/propiedades/clasificado/veclcain-casa-en-venta-en-la-vista-country-club-146702434.html","6","157"
"146958382","Sierra Nogal es una de las colonias residenciales más exclusivas y seguras de León, Guanajuato, reconocida por su ambiente tranquilo, excelente urbani","Consultar","https://www.inmuebles24.com/propiedades/clasificado/veclcain-casa-en-venta-colonia-sierra-nogal.-leon-guanajuato-146958382.html","6","158"
"147705030","Descubre La Casita Conkal. Un espacio único, moderno y acogedor en el corazón de Conkal. Sala – comedor con vista a la piscina. Cocina integral en enc","Consultar","https://www.inmuebles24.com/propiedades/clasificado/veclcain-casa-de-1-piso-en-venta-147705030.html","6","159"
"147066861","Disfruta de una residencia de lujo con amplios espacios, acabados de alto nivel y diseño arquitectónico contemporáneo. Esta propiedad de 325 m² habita","Consultar","https://www.inmuebles24.com/propiedades/clasificado/veclcain-casa-en-venta-via-cumbres-huayacan-centro-cancun-147066861.html","6","160"
"147424975","Casa en Venta en Lomas de Padierna | Tlalpan, Ciudad de México. ¡La oportunidad de remodelar y vivir en una casa con gran potencial en esquina! Descub","Consultar","https://www.inmuebles24.com/propiedades/clasificado/veclcain-casa-en-venta-en-tlalpan-147424975.html","6","161"
"147693546","Casa al norte de Mérida, en privada con amenidades como terraza techada para 40 personas, juegos infantiles, alberca, etc. planta baja: -Cochera techa","Consultar","https://www.inmuebles24.com/propiedades/clasificado/veclcain-casa-al-norte-de-merida-conkal-con-amplio-patio-147693546.html","6","162"
"144042769","Gm – Exclusiva residencia en El Campanario diseñada por el arquitecto mexicano y museógrafo Carlos Torre Hütt, reconocido como uno de los 21 talentos ","Consultar","https://www.inmuebles24.com/propiedades/clasificado/veclcain-casa-en-venta-en-el-campanario-queretaro-144042769.html","6","163"
"146232261","Casa Nueva en VentaVista Alta Residencial Boca del Río A 5 mins de Plaza el Dorado *Modelo piconstrucción: 91. 5 m2 Terreno: 120 m2$2, 000, 000 +Gasto","Consultar","https://www.inmuebles24.com/propiedades/clasificado/veclcain-casa-nueva-en-venta-boca-del-rio-146232261.html","6","164"
"146736871","Casa en Venta en Residencial Kinara, San Bernandino Tlaxcalancingo, Puebla. A unas calles del Chedraui Selecto de la Atlixcayolt. Terreno 137. 21 m2. ","Consultar","https://www.inmuebles24.com/propiedades/clasificado/veclcain-casa-en-venta-en-residencial-kinara-angelopolis-146736871.html","6","165"
"144717379","La zona de Desierto de los Leones, ubicada en Tetelpan, Álvaro Obregón, es una de las áreas más privilegiadas al poniente de la Ciudad de México para ","Consultar","https://www.inmuebles24.com/propiedades/clasificado/veclcain-casa-en-venta-lomas-de-los-angeles.-tetelpan-alvaro-144717379.html","6","166"
"145910820","Casa en venta San Jerónimo en Privada La Vereda, Monterrey N. L. Eb-rb6734 Residencia ubicada en exclusivo fraccionamiento en zona San Jerónimo ubicad","Consultar","https://www.inmuebles24.com/propiedades/clasificado/veclcain-casa-en-venta-san-jeronimo-privada-la-vereda-145910820.html","6","167"
"147421498","Magnifica casa tipo town house, en una de las zonas mas exclusivas de la cdmx, vigilancia 24 horas, tres recamasras, la principal con un gran vestidor","Consultar","https://www.inmuebles24.com/propiedades/clasificado/veclcain-casa-en-lomas-de-bezares-147421498.html","6","168"
"144528510","Estrene hermosa casa que cuenta con: garage para 3 autos, estancia amplia para sala Y comedor, cocina equipada, medio baño de visitas, alacena, patio,","Consultar","https://www.inmuebles24.com/propiedades/clasificado/veclcain-se-vende-excelente-casa-para-estrenar-144528510.html","6","169"
"147293972","Ven y aprovecha esta magnifica oportunidad de adquirir esta casa en un fraccionamiento de gran seguridad y plusvalia en un excelente precio. Personali","Consultar","https://www.inmuebles24.com/propiedades/clasificado/veclcain-casa-en-venta-en-la-estadia-super-oportunidad-147293972.html","6","170"
"145358182","La zona cuenta con residencias en exclusivos condominios, zonas comerciales y de servicios en etapa de preventa y de ¡entrega inmediata! La opción ide","Consultar","https://www.inmuebles24.com/propiedades/clasificado/veclcain-casa-en-venta-en-queretaro-meseta-area-sonterra-145358182.html","6","171"
"146334750","Hermosa residencia A orilla del lago, tequesquitengo morelos. Superficie total 2, 249 M2. Construcción 550 M2. casa principalcasa principal en un espa","Consultar","https://www.inmuebles24.com/propiedades/clasificado/veclcain-casa-blanca-en-venta-teques-146334750.html","6","172"
"145814440","Hermosa casa ubicada en Parque Veracruz, en la zona de Cascatta dentro del Residencial Lomas de Angelópolis. Ubicada frente a área verde lo que le hac","Consultar","https://www.inmuebles24.com/propiedades/clasificado/veclcain-casa-en-venta-frente-area-verde-parque-veracruz-145814440.html","6","173"
"146136742","Ubicada en Ejido Norte Sur 369, Colonia La Purísima, esta casa en venta en El Salto, Jalisco, se encuentra en una de las zonas con mayor crecimiento y","Consultar","https://www.inmuebles24.com/propiedades/clasificado/veclcain-casa-en-venta-col.-la-purisima-el-salto-jalisco.-146136742.html","6","174"
"147535611","Tu casa en Huamantla, Pueblo Mágico con tradición y modernidad. Vive en un entorno tranquilo y seguro, con excelente conectividad: A solo 5 minutos de","Consultar","https://www.inmuebles24.com/propiedades/clasificado/veclcain-casa-en-venta-en-col.-nuevos-horizontes-huamantla-147535611.html","6","175"
"143718838","El-Tequisquiapan Qro. Pueblo Mágico. Lleno de artesanía, ideal para relajarse y pasar un excelente fin de semana en familia o con amigos, un lugar en ","Consultar","https://www.inmuebles24.com/propiedades/clasificado/veclcain-casa-en-venta-tequisquiapan-queretaro-143718838.html","6","176"
"145230463","Casa en venta en Arboledas de San Ignacio, dentro de fraccionamiento con vigilancia las 24 horas, con cuatro recámaras, cuatro baños completos, cuarto","Consultar","https://www.inmuebles24.com/propiedades/clasificado/veclcain-casa-en-venta-en-arboledas-de-san-ignacio-con-cuatro-145230463.html","6","177"
"147820821","Residencial exclusiva y privada, creado para vivir en un ambiente familiar rodeado de naturaleza y espacios funcionales. Su ubicación estratégica al n","Consultar","https://www.inmuebles24.com/propiedades/clasificado/veclcain-casa-de-una-planta-en-privada-en-venta-al-norte-de-147820821.html","6","178"
"147571392","Linda casa, con mucho potencial, para actualizar, a media calle del centro comercial Artz, cerca de escuelas, hospitales y servicios. Cuenta con 1, 33","Consultar","https://www.inmuebles24.com/propiedades/clasificado/veclcain-casa-en-venta-en-la-calle-de-picacho-jardines-del-147571392.html","6","179"
"146024173","Casa Modelo Encino de 105. 00 m2. 1. - Cochera (1) 2. - Sala. 3. - Comedor. 4. - Cocina. 5. - Desayunador. 6. - Recamara con baño. 7. - Recamara / est","Consultar","https://www.inmuebles24.com/propiedades/clasificado/veclcain-casa-encino-fracc.-monarca-ramos-arizpe-coah.-146024173.html","6","180"
"142261706","Casas en Parque Mallorca, Lomas de Angelópolis – Desde $2, 650, 000 mxn. Descubre tu nuevo hogar en Parque Mallorca, un exclusivo conjunto residencial","Consultar","https://www.inmuebles24.com/propiedades/desarrollo/ememhoin-casa-en-venta-en-puebla-lomas-de-angelopolis.-142261706.html","7","181"
"146949858","B-msn6554Casa en Venta – Los Canales, Puerto CancúnSuperficie: Terreno: 609 m²Construcción: 637 m²Características GeneralesSala: Amplia y luminosa, id","Consultar","https://www.inmuebles24.com/propiedades/clasificado/veclcain-casa-en-venta-en-puerto-cancun-146949858.html","7","182"
"145063327","¿Buscas una casa amplia con jardín y alaberca privada, en fraccionamiento con vigilancia, para vivir en tranquilidad con tu familia? El fraccionamient","Consultar","https://www.inmuebles24.com/propiedades/desarrollo/ememhoin-casa-en-venta-con-alberca-y-jardin-privado-al-sur-de-145063327.html","7","183"
"143969297","Viva en el fraccionamiento con mayor plusvalia de la zona, estrene esta espectacular residencia construida en uno de los mejores terrenos de rancho sa","Consultar","https://www.inmuebles24.com/propiedades/clasificado/veclcain-estrene-espectacular-residencia-en-rancho-san-juan-143969297.html","7","184"
"147168732","Estrena casa o terreno dentro de Rincón Acatitlán, el fraccionamiento más esperado de Valle, ubicado en Acatitlán, la zona con mayor plusvalía y creci","Consultar","https://www.inmuebles24.com/propiedades/desarrollo/ememhoin-casas-y-terrenos-en-preventa-fraccionamiento-en-147168732.html","7","185"
"146198628","Venta de moderna residencia con vista panorámica en el Fracc. Lomas de Cocoyoc! Construida en dos niveles con acabados de lujo con recibidor a doble a","Consultar","https://www.inmuebles24.com/propiedades/clasificado/veclcain-venta-de-casa-en-lomas-de-cocoyoc-146198628.html","7","186"
"146702434","Casa en Venta en La Vista Country Club para inversión ya que cuenta con contrato de arrendamiento con un pago de renta mensual de $67, 000 que vence e","Consultar","https://www.inmuebles24.com/propiedades/clasificado/veclcain-casa-en-venta-en-la-vista-country-club-146702434.html","7","187"
"146958382","Sierra Nogal es una de las colonias residenciales más exclusivas y seguras de León, Guanajuato, reconocida por su ambiente tranquilo, excelente urbani","Consultar","https://www.inmuebles24.com/propiedades/clasificado/veclcain-casa-en-venta-colonia-sierra-nogal.-leon-guanajuato-146958382.html","7","188"
"147705030","Descubre La Casita Conkal. Un espacio único, moderno y acogedor en el corazón de Conkal. Sala – comedor con vista a la piscina. Cocina integral en enc","Consultar","https://www.inmuebles24.com/propiedades/clasificado/veclcain-casa-de-1-piso-en-venta-147705030.html","7","189"
"147066861","Disfruta de una residencia de lujo con amplios espacios, acabados de alto nivel y diseño arquitectónico contemporáneo. Esta propiedad de 325 m² habita","Consultar","https://www.inmuebles24.com/propiedades/clasificado/veclcain-casa-en-venta-via-cumbres-huayacan-centro-cancun-147066861.html","7","190"
"147424975","Casa en Venta en Lomas de Padierna | Tlalpan, Ciudad de México. ¡La oportunidad de remodelar y vivir en una casa con gran potencial en esquina! Descub","Consultar","https://www.inmuebles24.com/propiedades/clasificado/veclcain-casa-en-venta-en-tlalpan-147424975.html","7","191"
"147693546","Casa al norte de Mérida, en privada con amenidades como terraza techada para 40 personas, juegos infantiles, alberca, etc. planta baja: -Cochera techa","Consultar","https://www.inmuebles24.com/propiedades/clasificado/veclcain-casa-al-norte-de-merida-conkal-con-amplio-patio-147693546.html","7","192"
"144042769","Gm – Exclusiva residencia en El Campanario diseñada por el arquitecto mexicano y museógrafo Carlos Torre Hütt, reconocido como uno de los 21 talentos ","Consultar","https://www.inmuebles24.com/propiedades/clasificado/veclcain-casa-en-venta-en-el-campanario-queretaro-144042769.html","7","193"
"146232261","Casa Nueva en VentaVista Alta Residencial Boca del Río A 5 mins de Plaza el Dorado *Modelo piconstrucción: 91. 5 m2 Terreno: 120 m2$2, 000, 000 +Gasto","Consultar","https://www.inmuebles24.com/propiedades/clasificado/veclcain-casa-nueva-en-venta-boca-del-rio-146232261.html","7","194"
"146736871","Casa en Venta en Residencial Kinara, San Bernandino Tlaxcalancingo, Puebla. A unas calles del Chedraui Selecto de la Atlixcayolt. Terreno 137. 21 m2. ","Consultar","https://www.inmuebles24.com/propiedades/clasificado/veclcain-casa-en-venta-en-residencial-kinara-angelopolis-146736871.html","7","195"
"144717379","La zona de Desierto de los Leones, ubicada en Tetelpan, Álvaro Obregón, es una de las áreas más privilegiadas al poniente de la Ciudad de México para ","Consultar","https://www.inmuebles24.com/propiedades/clasificado/veclcain-casa-en-venta-lomas-de-los-angeles.-tetelpan-alvaro-144717379.html","7","196"
"145910820","Casa en venta San Jerónimo en Privada La Vereda, Monterrey N. L. Eb-rb6734 Residencia ubicada en exclusivo fraccionamiento en zona San Jerónimo ubicad","Consultar","https://www.inmuebles24.com/propiedades/clasificado/veclcain-casa-en-venta-san-jeronimo-privada-la-vereda-145910820.html","7","197"
"147421498","Magnifica casa tipo town house, en una de las zonas mas exclusivas de la cdmx, vigilancia 24 horas, tres recamasras, la principal con un gran vestidor","Consultar","https://www.inmuebles24.com/propiedades/clasificado/veclcain-casa-en-lomas-de-bezares-147421498.html","7","198"
"144528510","Estrene hermosa casa que cuenta con: garage para 3 autos, estancia amplia para sala Y comedor, cocina equipada, medio baño de visitas, alacena, patio,","Consultar","https://www.inmuebles24.com/propiedades/clasificado/veclcain-se-vende-excelente-casa-para-estrenar-144528510.html","7","199"
"147293972","Ven y aprovecha esta magnifica oportunidad de adquirir esta casa en un fraccionamiento de gran seguridad y plusvalia en un excelente precio. Personali","Consultar","https://www.inmuebles24.com/propiedades/clasificado/veclcain-casa-en-venta-en-la-estadia-super-oportunidad-147293972.html","7","200"
"145358182","La zona cuenta con residencias en exclusivos condominios, zonas comerciales y de servicios en etapa de preventa y de ¡entrega inmediata! La opción ide","Consultar","https://www.inmuebles24.com/propiedades/clasificado/veclcain-casa-en-venta-en-queretaro-meseta-area-sonterra-145358182.html","7","201"
"146334750","Hermosa residencia A orilla del lago, tequesquitengo morelos. Superficie total 2, 249 M2. Construcción 550 M2. casa principalcasa principal en un espa","Consultar","https://www.inmuebles24.com/propiedades/clasificado/veclcain-casa-blanca-en-venta-teques-146334750.html","7","202"
"145814440","Hermosa casa ubicada en Parque Veracruz, en la zona de Cascatta dentro del Residencial Lomas de Angelópolis. Ubicada frente a área verde lo que le hac","Consultar","https://www.inmuebles24.com/propiedades/clasificado/veclcain-casa-en-venta-frente-area-verde-parque-veracruz-145814440.html","7","203"
"146136742","Ubicada en Ejido Norte Sur 369, Colonia La Purísima, esta casa en venta en El Salto, Jalisco, se encuentra en una de las zonas con mayor crecimiento y","Consultar","https://www.inmuebles24.com/propiedades/clasificado/veclcain-casa-en-venta-col.-la-purisima-el-salto-jalisco.-146136742.html","7","204"
"147535611","Tu casa en Huamantla, Pueblo Mágico con tradición y modernidad. Vive en un entorno tranquilo y seguro, con excelente conectividad: A solo 5 minutos de","Consultar","https://www.inmuebles24.com/propiedades/clasificado/veclcain-casa-en-venta-en-col.-nuevos-horizontes-huamantla-147535611.html","7","205"
"143718838","El-Tequisquiapan Qro. Pueblo Mágico. Lleno de artesanía, ideal para relajarse y pasar un excelente fin de semana en familia o con amigos, un lugar en ","Consultar","https://www.inmuebles24.com/propiedades/clasificado/veclcain-casa-en-venta-tequisquiapan-queretaro-143718838.html","7","206"
"145230463","Casa en venta en Arboledas de San Ignacio, dentro de fraccionamiento con vigilancia las 24 horas, con cuatro recámaras, cuatro baños completos, cuarto","Consultar","https://www.inmuebles24.com/propiedades/clasificado/veclcain-casa-en-venta-en-arboledas-de-san-ignacio-con-cuatro-145230463.html","7","207"
"147820821","Residencial exclusiva y privada, creado para vivir en un ambiente familiar rodeado de naturaleza y espacios funcionales. Su ubicación estratégica al n","Consultar","https://www.inmuebles24.com/propiedades/clasificado/veclcain-casa-de-una-planta-en-privada-en-venta-al-norte-de-147820821.html","7","208"
"147571392","Linda casa, con mucho potencial, para actualizar, a media calle del centro comercial Artz, cerca de escuelas, hospitales y servicios. Cuenta con 1, 33","Consultar","https://www.inmuebles24.com/propiedades/clasificado/veclcain-casa-en-venta-en-la-calle-de-picacho-jardines-del-147571392.html","7","209"
"146024173","Casa Modelo Encino de 105. 00 m2. 1. - Cochera (1) 2. - Sala. 3. - Comedor. 4. - Cocina. 5. - Desayunador. 6. - Recamara con baño. 7. - Recamara / est","Consultar","https://www.inmuebles24.com/propiedades/clasificado/veclcain-casa-encino-fracc.-monarca-ramos-arizpe-coah.-146024173.html","7","210"
"142261706","Casas en Parque Mallorca, Lomas de Angelópolis – Desde $2, 650, 000 mxn. Descubre tu nuevo hogar en Parque Mallorca, un exclusivo conjunto residencial","Consultar","https://www.inmuebles24.com/propiedades/desarrollo/ememhoin-casa-en-venta-en-puebla-lomas-de-angelopolis.-142261706.html","8","211"
"146949858","B-msn6554Casa en Venta – Los Canales, Puerto CancúnSuperficie: Terreno: 609 m²Construcción: 637 m²Características GeneralesSala: Amplia y luminosa, id","Consultar","https://www.inmuebles24.com/propiedades/clasificado/veclcain-casa-en-venta-en-puerto-cancun-146949858.html","8","212"
"145063327","¿Buscas una casa amplia con jardín y alaberca privada, en fraccionamiento con vigilancia, para vivir en tranquilidad con tu familia? El fraccionamient","Consultar","https://www.inmuebles24.com/propiedades/desarrollo/ememhoin-casa-en-venta-con-alberca-y-jardin-privado-al-sur-de-145063327.html","8","213"
"143969297","Viva en el fraccionamiento con mayor plusvalia de la zona, estrene esta espectacular residencia construida en uno de los mejores terrenos de rancho sa","Consultar","https://www.inmuebles24.com/propiedades/clasificado/veclcain-estrene-espectacular-residencia-en-rancho-san-juan-143969297.html","8","214"
"147168732","Estrena casa o terreno dentro de Rincón Acatitlán, el fraccionamiento más esperado de Valle, ubicado en Acatitlán, la zona con mayor plusvalía y creci","Consultar","https://www.inmuebles24.com/propiedades/desarrollo/ememhoin-casas-y-terrenos-en-preventa-fraccionamiento-en-147168732.html","8","215"
"146198628","Venta de moderna residencia con vista panorámica en el Fracc. Lomas de Cocoyoc! Construida en dos niveles con acabados de lujo con recibidor a doble a","Consultar","https://www.inmuebles24.com/propiedades/clasificado/veclcain-venta-de-casa-en-lomas-de-cocoyoc-146198628.html","8","216"
"146702434","Casa en Venta en La Vista Country Club para inversión ya que cuenta con contrato de arrendamiento con un pago de renta mensual de $67, 000 que vence e","Consultar","https://www.inmuebles24.com/propiedades/clasificado/veclcain-casa-en-venta-en-la-vista-country-club-146702434.html","8","217"
"146958382","Sierra Nogal es una de las colonias residenciales más exclusivas y seguras de León, Guanajuato, reconocida por su ambiente tranquilo, excelente urbani","Consultar","https://www.inmuebles24.com/propiedades/clasificado/veclcain-casa-en-venta-colonia-sierra-nogal.-leon-guanajuato-146958382.html","8","218"
"147705030","Descubre La Casita Conkal. Un espacio único, moderno y acogedor en el corazón de Conkal. Sala – comedor con vista a la piscina. Cocina integral en enc","Consultar","https://www.inmuebles24.com/propiedades/clasificado/veclcain-casa-de-1-piso-en-venta-147705030.html","8","219"
"147066861","Disfruta de una residencia de lujo con amplios espacios, acabados de alto nivel y diseño arquitectónico contemporáneo. Esta propiedad de 325 m² habita","Consultar","https://www.inmuebles24.com/propiedades/clasificado/veclcain-casa-en-venta-via-cumbres-huayacan-centro-cancun-147066861.html","8","220"
"147424975","Casa en Venta en Lomas de Padierna | Tlalpan, Ciudad de México. ¡La oportunidad de remodelar y vivir en una casa con gran potencial en esquina! Descub","Consultar","https://www.inmuebles24.com/propiedades/clasificado/veclcain-casa-en-venta-en-tlalpan-147424975.html","8","221"
"147693546","Casa al norte de Mérida, en privada con amenidades como terraza techada para 40 personas, juegos infantiles, alberca, etc. planta baja: -Cochera techa","Consultar","https://www.inmuebles24.com/propiedades/clasificado/veclcain-casa-al-norte-de-merida-conkal-con-amplio-patio-147693546.html","8","222"
"144042769","Gm – Exclusiva residencia en El Campanario diseñada por el arquitecto mexicano y museógrafo Carlos Torre Hütt, reconocido como uno de los 21 talentos ","Consultar","https://www.inmuebles24.com/propiedades/clasificado/veclcain-casa-en-venta-en-el-campanario-queretaro-144042769.html","8","223"
"146232261","Casa Nueva en VentaVista Alta Residencial Boca del Río A 5 mins de Plaza el Dorado *Modelo piconstrucción: 91. 5 m2 Terreno: 120 m2$2, 000, 000 +Gasto","Consultar","https://www.inmuebles24.com/propiedades/clasificado/veclcain-casa-nueva-en-venta-boca-del-rio-146232261.html","8","224"
"146736871","Casa en Venta en Residencial Kinara, San Bernandino Tlaxcalancingo, Puebla. A unas calles del Chedraui Selecto de la Atlixcayolt. Terreno 137. 21 m2. ","Consultar","https://www.inmuebles24.com/propiedades/clasificado/veclcain-casa-en-venta-en-residencial-kinara-angelopolis-146736871.html","8","225"
"144717379","La zona de Desierto de los Leones, ubicada en Tetelpan, Álvaro Obregón, es una de las áreas más privilegiadas al poniente de la Ciudad de México para ","Consultar","https://www.inmuebles24.com/propiedades/clasificado/veclcain-casa-en-venta-lomas-de-los-angeles.-tetelpan-alvaro-144717379.html","8","226"
"145910820","Casa en venta San Jerónimo en Privada La Vereda, Monterrey N. L. Eb-rb6734 Residencia ubicada en exclusivo fraccionamiento en zona San Jerónimo ubicad","Consultar","https://www.inmuebles24.com/propiedades/clasificado/veclcain-casa-en-venta-san-jeronimo-privada-la-vereda-145910820.html","8","227"
"147421498","Magnifica casa tipo town house, en una de las zonas mas exclusivas de la cdmx, vigilancia 24 horas, tres recamasras, la principal con un gran vestidor","Consultar","https://www.inmuebles24.com/propiedades/clasificado/veclcain-casa-en-lomas-de-bezares-147421498.html","8","228"
"144528510","Estrene hermosa casa que cuenta con: garage para 3 autos, estancia amplia para sala Y comedor, cocina equipada, medio baño de visitas, alacena, patio,","Consultar","https://www.inmuebles24.com/propiedades/clasificado/veclcain-se-vende-excelente-casa-para-estrenar-144528510.html","8","229"
"147293972","Ven y aprovecha esta magnifica oportunidad de adquirir esta casa en un fraccionamiento de gran seguridad y plusvalia en un excelente precio. Personali","Consultar","https://www.inmuebles24.com/propiedades/clasificado/veclcain-casa-en-venta-en-la-estadia-super-oportunidad-147293972.html","8","230"
"145358182","La zona cuenta con residencias en exclusivos condominios, zonas comerciales y de servicios en etapa de preventa y de ¡entrega inmediata! La opción ide","Consultar","https://www.inmuebles24.com/propiedades/clasificado/veclcain-casa-en-venta-en-queretaro-meseta-area-sonterra-145358182.html","8","231"
"146334750","Hermosa residencia A orilla del lago, tequesquitengo morelos. Superficie total 2, 249 M2. Construcción 550 M2. casa principalcasa principal en un espa","Consultar","https://www.inmuebles24.com/propiedades/clasificado/veclcain-casa-blanca-en-venta-teques-146334750.html","8","232"
"145814440","Hermosa casa ubicada en Parque Veracruz, en la zona de Cascatta dentro del Residencial Lomas de Angelópolis. Ubicada frente a área verde lo que le hac","Consultar","https://www.inmuebles24.com/propiedades/clasificado/veclcain-casa-en-venta-frente-area-verde-parque-veracruz-145814440.html","8","233"
"146136742","Ubicada en Ejido Norte Sur 369, Colonia La Purísima, esta casa en venta en El Salto, Jalisco, se encuentra en una de las zonas con mayor crecimiento y","Consultar","https://www.inmuebles24.com/propiedades/clasificado/veclcain-casa-en-venta-col.-la-purisima-el-salto-jalisco.-146136742.html","8","234"
"147535611","Tu casa en Huamantla, Pueblo Mágico con tradición y modernidad. Vive en un entorno tranquilo y seguro, con excelente conectividad: A solo 5 minutos de","Consultar","https://www.inmuebles24.com/propiedades/clasificado/veclcain-casa-en-venta-en-col.-nuevos-horizontes-huamantla-147535611.html","8","235"
"143718838","El-Tequisquiapan Qro. Pueblo Mágico. Lleno de artesanía, ideal para relajarse y pasar un excelente fin de semana en familia o con amigos, un lugar en ","Consultar","https://www.inmuebles24.com/propiedades/clasificado/veclcain-casa-en-venta-tequisquiapan-queretaro-143718838.html","8","236"
"145230463","Casa en venta en Arboledas de San Ignacio, dentro de fraccionamiento con vigilancia las 24 horas, con cuatro recámaras, cuatro baños completos, cuarto","Consultar","https://www.inmuebles24.com/propiedades/clasificado/veclcain-casa-en-venta-en-arboledas-de-san-ignacio-con-cuatro-145230463.html","8","237"
"147820821","Residencial exclusiva y privada, creado para vivir en un ambiente familiar rodeado de naturaleza y espacios funcionales. Su ubicación estratégica al n","Consultar","https://www.inmuebles24.com/propiedades/clasificado/veclcain-casa-de-una-planta-en-privada-en-venta-al-norte-de-147820821.html","8","238"
"147571392","Linda casa, con mucho potencial, para actualizar, a media calle del centro comercial Artz, cerca de escuelas, hospitales y servicios. Cuenta con 1, 33","Consultar","https://www.inmuebles24.com/propiedades/clasificado/veclcain-casa-en-venta-en-la-calle-de-picacho-jardines-del-147571392.html","8","239"
"146024173","Casa Modelo Encino de 105. 00 m2. 1. - Cochera (1) 2. - Sala. 3. - Comedor. 4. - Cocina. 5. - Desayunador. 6. - Recamara con baño. 7. - Recamara / est","Consultar","https://www.inmuebles24.com/propiedades/clasificado/veclcain-casa-encino-fracc.-monarca-ramos-arizpe-coah.-146024173.html","8","240"
"142261706","Casas en Parque Mallorca, Lomas de Angelópolis – Desde $2, 650, 000 mxn. Descubre tu nuevo hogar en Parque Mallorca, un exclusivo conjunto residencial","Consultar","https://www.inmuebles24.com/propiedades/desarrollo/ememhoin-casa-en-venta-en-puebla-lomas-de-angelopolis.-142261706.html","9","241"
"146949858","B-msn6554Casa en Venta – Los Canales, Puerto CancúnSuperficie: Terreno: 609 m²Construcción: 637 m²Características GeneralesSala: Amplia y luminosa, id","Consultar","https://www.inmuebles24.com/propiedades/clasificado/veclcain-casa-en-venta-en-puerto-cancun-146949858.html","9","242"
"145063327","¿Buscas una casa amplia con jardín y alaberca privada, en fraccionamiento con vigilancia, para vivir en tranquilidad con tu familia? El fraccionamient","Consultar","https://www.inmuebles24.com/propiedades/desarrollo/ememhoin-casa-en-venta-con-alberca-y-jardin-privado-al-sur-de-145063327.html","9","243"
"143969297","Viva en el fraccionamiento con mayor plusvalia de la zona, estrene esta espectacular residencia construida en uno de los mejores terrenos de rancho sa","Consultar","https://www.inmuebles24.com/propiedades/clasificado/veclcain-estrene-espectacular-residencia-en-rancho-san-juan-143969297.html","9","244"
"147168732","Estrena casa o terreno dentro de Rincón Acatitlán, el fraccionamiento más esperado de Valle, ubicado en Acatitlán, la zona con mayor plusvalía y creci","Consultar","https://www.inmuebles24.com/propiedades/desarrollo/ememhoin-casas-y-terrenos-en-preventa-fraccionamiento-en-147168732.html","9","245"
"146198628","Venta de moderna residencia con vista panorámica en el Fracc. Lomas de Cocoyoc! Construida en dos niveles con acabados de lujo con recibidor a doble a","Consultar","https://www.inmuebles24.com/propiedades/clasificado/veclcain-venta-de-casa-en-lomas-de-cocoyoc-146198628.html","9","246"
"146702434","Casa en Venta en La Vista Country Club para inversión ya que cuenta con contrato de arrendamiento con un pago de renta mensual de $67, 000 que vence e","Consultar","https://www.inmuebles24.com/propiedades/clasificado/veclcain-casa-en-venta-en-la-vista-country-club-146702434.html","9","247"
"146958382","Sierra Nogal es una de las colonias residenciales más exclusivas y seguras de León, Guanajuato, reconocida por su ambiente tranquilo, excelente urbani","Consultar","https://www.inmuebles24.com/propiedades/clasificado/veclcain-casa-en-venta-colonia-sierra-nogal.-leon-guanajuato-146958382.html","9","248"
"147705030","Descubre La Casita Conkal. Un espacio único, moderno y acogedor en el corazón de Conkal. Sala – comedor con vista a la piscina. Cocina integral en enc","Consultar","https://www.inmuebles24.com/propiedades/clasificado/veclcain-casa-de-1-piso-en-venta-147705030.html","9","249"
"147066861","Disfruta de una residencia de lujo con amplios espacios, acabados de alto nivel y diseño arquitectónico contemporáneo. Esta propiedad de 325 m² habita","Consultar","https://www.inmuebles24.com/propiedades/clasificado/veclcain-casa-en-venta-via-cumbres-huayacan-centro-cancun-147066861.html","9","250"
"147424975","Casa en Venta en Lomas de Padierna | Tlalpan, Ciudad de México. ¡La oportunidad de remodelar y vivir en una casa con gran potencial en esquina! Descub","Consultar","https://www.inmuebles24.com/propiedades/clasificado/veclcain-casa-en-venta-en-tlalpan-147424975.html","9","251"
"147693546","Casa al norte de Mérida, en privada con amenidades como terraza techada para 40 personas, juegos infantiles, alberca, etc. planta baja: -Cochera techa","Consultar","https://www.inmuebles24.com/propiedades/clasificado/veclcain-casa-al-norte-de-merida-conkal-con-amplio-patio-147693546.html","9","252"
"144042769","Gm – Exclusiva residencia en El Campanario diseñada por el arquitecto mexicano y museógrafo Carlos Torre Hütt, reconocido como uno de los 21 talentos ","Consultar","https://www.inmuebles24.com/propiedades/clasificado/veclcain-casa-en-venta-en-el-campanario-queretaro-144042769.html","9","253"
"146232261","Casa Nueva en VentaVista Alta Residencial Boca del Río A 5 mins de Plaza el Dorado *Modelo piconstrucción: 91. 5 m2 Terreno: 120 m2$2, 000, 000 +Gasto","Consultar","https://www.inmuebles24.com/propiedades/clasificado/veclcain-casa-nueva-en-venta-boca-del-rio-146232261.html","9","254"
"146736871","Casa en Venta en Residencial Kinara, San Bernandino Tlaxcalancingo, Puebla. A unas calles del Chedraui Selecto de la Atlixcayolt. Terreno 137. 21 m2. ","Consultar","https://www.inmuebles24.com/propiedades/clasificado/veclcain-casa-en-venta-en-residencial-kinara-angelopolis-146736871.html","9","255"
"144717379","La zona de Desierto de los Leones, ubicada en Tetelpan, Álvaro Obregón, es una de las áreas más privilegiadas al poniente de la Ciudad de México para ","Consultar","https://www.inmuebles24.com/propiedades/clasificado/veclcain-casa-en-venta-lomas-de-los-angeles.-tetelpan-alvaro-144717379.html","9","256"
"145910820","Casa en venta San Jerónimo en Privada La Vereda, Monterrey N. L. Eb-rb6734 Residencia ubicada en exclusivo fraccionamiento en zona San Jerónimo ubicad","Consultar","https://www.inmuebles24.com/propiedades/clasificado/veclcain-casa-en-venta-san-jeronimo-privada-la-vereda-145910820.html","9","257"
"147421498","Magnifica casa tipo town house, en una de las zonas mas exclusivas de la cdmx, vigilancia 24 horas, tres recamasras, la principal con un gran vestidor","Consultar","https://www.inmuebles24.com/propiedades/clasificado/veclcain-casa-en-lomas-de-bezares-147421498.html","9","258"
"144528510","Estrene hermosa casa que cuenta con: garage para 3 autos, estancia amplia para sala Y comedor, cocina equipada, medio baño de visitas, alacena, patio,","Consultar","https://www.inmuebles24.com/propiedades/clasificado/veclcain-se-vende-excelente-casa-para-estrenar-144528510.html","9","259"
"147293972","Ven y aprovecha esta magnifica oportunidad de adquirir esta casa en un fraccionamiento de gran seguridad y plusvalia en un excelente precio. Personali","Consultar","https://www.inmuebles24.com/propiedades/clasificado/veclcain-casa-en-venta-en-la-estadia-super-oportunidad-147293972.html","9","260"
"145358182","La zona cuenta con residencias en exclusivos condominios, zonas comerciales y de servicios en etapa de preventa y de ¡entrega inmediata! La opción ide","Consultar","https://www.inmuebles24.com/propiedades/clasificado/veclcain-casa-en-venta-en-queretaro-meseta-area-sonterra-145358182.html","9","261"
"146334750","Hermosa residencia A orilla del lago, tequesquitengo morelos. Superficie total 2, 249 M2. Construcción 550 M2. casa principalcasa principal en un espa","Consultar","https://www.inmuebles24.com/propiedades/clasificado/veclcain-casa-blanca-en-venta-teques-146334750.html","9","262"
"145814440","Hermosa casa ubicada en Parque Veracruz, en la zona de Cascatta dentro del Residencial Lomas de Angelópolis. Ubicada frente a área verde lo que le hac","Consultar","https://www.inmuebles24.com/propiedades/clasificado/veclcain-casa-en-venta-frente-area-verde-parque-veracruz-145814440.html","9","263"
"146136742","Ubicada en Ejido Norte Sur 369, Colonia La Purísima, esta casa en venta en El Salto, Jalisco, se encuentra en una de las zonas con mayor crecimiento y","Consultar","https://www.inmuebles24.com/propiedades/clasificado/veclcain-casa-en-venta-col.-la-purisima-el-salto-jalisco.-146136742.html","9","264"
"147535611","Tu casa en Huamantla, Pueblo Mágico con tradición y modernidad. Vive en un entorno tranquilo y seguro, con excelente conectividad: A solo 5 minutos de","Consultar","https://www.inmuebles24.com/propiedades/clasificado/veclcain-casa-en-venta-en-col.-nuevos-horizontes-huamantla-147535611.html","9","265"
"143718838","El-Tequisquiapan Qro. Pueblo Mágico. Lleno de artesanía, ideal para relajarse y pasar un excelente fin de semana en familia o con amigos, un lugar en ","Consultar","https://www.inmuebles24.com/propiedades/clasificado/veclcain-casa-en-venta-tequisquiapan-queretaro-143718838.html","9","266"
"145230463","Casa en venta en Arboledas de San Ignacio, dentro de fraccionamiento con vigilancia las 24 horas, con cuatro recámaras, cuatro baños completos, cuarto","Consultar","https://www.inmuebles24.com/propiedades/clasificado/veclcain-casa-en-venta-en-arboledas-de-san-ignacio-con-cuatro-145230463.html","9","267"
"147820821","Residencial exclusiva y privada, creado para vivir en un ambiente familiar rodeado de naturaleza y espacios funcionales. Su ubicación estratégica al n","Consultar","https://www.inmuebles24.com/propiedades/clasificado/veclcain-casa-de-una-planta-en-privada-en-venta-al-norte-de-147820821.html","9","268"
"147571392","Linda casa, con mucho potencial, para actualizar, a media calle del centro comercial Artz, cerca de escuelas, hospitales y servicios. Cuenta con 1, 33","Consultar","https://www.inmuebles24.com/propiedades/clasificado/veclcain-casa-en-venta-en-la-calle-de-picacho-jardines-del-147571392.html","9","269"
"146024173","Casa Modelo Encino de 105. 00 m2. 1. - Cochera (1) 2. - Sala. 3. - Comedor. 4. - Cocina. 5. - Desayunador. 6. - Recamara con baño. 7. - Recamara / est","Consultar","https://www.inmuebles24.com/propiedades/clasificado/veclcain-casa-encino-fracc.-monarca-ramos-arizpe-coah.-146024173.html","9","270"
"142261706","Casas en Parque Mallorca, Lomas de Angelópolis – Desde $2, 650, 000 mxn. Descubre tu nuevo hogar en Parque Mallorca, un exclusivo conjunto residencial","Consultar","https://www.inmuebles24.com/propiedades/desarrollo/ememhoin-casa-en-venta-en-puebla-lomas-de-angelopolis.-142261706.html","10","271"
"146949858","B-msn6554Casa en Venta – Los Canales, Puerto CancúnSuperficie: Terreno: 609 m²Construcción: 637 m²Características GeneralesSala: Amplia y luminosa, id","Consultar","https://www.inmuebles24.com/propiedades/clasificado/veclcain-casa-en-venta-en-puerto-cancun-146949858.html","10","272"
"145063327","¿Buscas una casa amplia con jardín y alaberca privada, en fraccionamiento con vigilancia, para vivir en tranquilidad con tu familia? El fraccionamient","Consultar","https://www.inmuebles24.com/propiedades/desarrollo/ememhoin-casa-en-venta-con-alberca-y-jardin-privado-al-sur-de-145063327.html","10","273"
"143969297","Viva en el fraccionamiento con mayor plusvalia de la zona, estrene esta espectacular residencia construida en uno de los mejores terrenos de rancho sa","Consultar","https://www.inmuebles24.com/propiedades/clasificado/veclcain-estrene-espectacular-residencia-en-rancho-san-juan-143969297.html","10","274"
"147168732","Estrena casa o terreno dentro de Rincón Acatitlán, el fraccionamiento más esperado de Valle, ubicado en Acatitlán, la zona con mayor plusvalía y creci","Consultar","https://www.inmuebles24.com/propiedades/desarrollo/ememhoin-casas-y-terrenos-en-preventa-fraccionamiento-en-147168732.html","10","275"
"146198628","Venta de moderna residencia con vista panorámica en el Fracc. Lomas de Cocoyoc! Construida en dos niveles con acabados de lujo con recibidor a doble a","Consultar","https://www.inmuebles24.com/propiedades/clasificado/veclcain-venta-de-casa-en-lomas-de-cocoyoc-146198628.html","10","276"
"146702434","Casa en Venta en La Vista Country Club para inversión ya que cuenta con contrato de arrendamiento con un pago de renta mensual de $67, 000 que vence e","Consultar","https://www.inmuebles24.com/propiedades/clasificado/veclcain-casa-en-venta-en-la-vista-country-club-146702434.html","10","277"
"146958382","Sierra Nogal es una de las colonias residenciales más exclusivas y seguras de León, Guanajuato, reconocida por su ambiente tranquilo, excelente urbani","Consultar","https://www.inmuebles24.com/propiedades/clasificado/veclcain-casa-en-venta-colonia-sierra-nogal.-leon-guanajuato-146958382.html","10","278"
"147705030","Descubre La Casita Conkal. Un espacio único, moderno y acogedor en el corazón de Conkal. Sala – comedor con vista a la piscina. Cocina integral en enc","Consultar","https://www.inmuebles24.com/propiedades/clasificado/veclcain-casa-de-1-piso-en-venta-147705030.html","10","279"
"147066861","Disfruta de una residencia de lujo con amplios espacios, acabados de alto nivel y diseño arquitectónico contemporáneo. Esta propiedad de 325 m² habita","Consultar","https://www.inmuebles24.com/propiedades/clasificado/veclcain-casa-en-venta-via-cumbres-huayacan-centro-cancun-147066861.html","10","280"
"147424975","Casa en Venta en Lomas de Padierna | Tlalpan, Ciudad de México. ¡La oportunidad de remodelar y vivir en una casa con gran potencial en esquina! Descub","Consultar","https://www.inmuebles24.com/propiedades/clasificado/veclcain-casa-en-venta-en-tlalpan-147424975.html","10","281"
"147693546","Casa al norte de Mérida, en privada con amenidades como terraza techada para 40 personas, juegos infantiles, alberca, etc. planta baja: -Cochera techa","Consultar","https://www.inmuebles24.com/propiedades/clasificado/veclcain-casa-al-norte-de-merida-conkal-con-amplio-patio-147693546.html","10","282"
"144042769","Gm – Exclusiva residencia en El Campanario diseñada por el arquitecto mexicano y museógrafo Carlos Torre Hütt, reconocido como uno de los 21 talentos ","Consultar","https://www.inmuebles24.com/propiedades/clasificado/veclcain-casa-en-venta-en-el-campanario-queretaro-144042769.html","10","283"
"146232261","Casa Nueva en VentaVista Alta Residencial Boca del Río A 5 mins de Plaza el Dorado *Modelo piconstrucción: 91. 5 m2 Terreno: 120 m2$2, 000, 000 +Gasto","Consultar","https://www.inmuebles24.com/propiedades/clasificado/veclcain-casa-nueva-en-venta-boca-del-rio-146232261.html","10","284"
"146736871","Casa en Venta en Residencial Kinara, San Bernandino Tlaxcalancingo, Puebla. A unas calles del Chedraui Selecto de la Atlixcayolt. Terreno 137. 21 m2. ","Consultar","https://www.inmuebles24.com/propiedades/clasificado/veclcain-casa-en-venta-en-residencial-kinara-angelopolis-146736871.html","10","285"
"144717379","La zona de Desierto de los Leones, ubicada en Tetelpan, Álvaro Obregón, es una de las áreas más privilegiadas al poniente de la Ciudad de México para ","Consultar","https://www.inmuebles24.com/propiedades/clasificado/veclcain-casa-en-venta-lomas-de-los-angeles.-tetelpan-alvaro-144717379.html","10","286"
"145910820","Casa en venta San Jerónimo en Privada La Vereda, Monterrey N. L. Eb-rb6734 Residencia ubicada en exclusivo fraccionamiento en zona San Jerónimo ubicad","Consultar","https://www.inmuebles24.com/propiedades/clasificado/veclcain-casa-en-venta-san-jeronimo-privada-la-vereda-145910820.html","10","287"
"147421498","Magnifica casa tipo town house, en una de las zonas mas exclusivas de la cdmx, vigilancia 24 horas, tres recamasras, la principal con un gran vestidor","Consultar","https://www.inmuebles24.com/propiedades/clasificado/veclcain-casa-en-lomas-de-bezares-147421498.html","10","288"
"144528510","Estrene hermosa casa que cuenta con: garage para 3 autos, estancia amplia para sala Y comedor, cocina equipada, medio baño de visitas, alacena, patio,","Consultar","https://www.inmuebles24.com/propiedades/clasificado/veclcain-se-vende-excelente-casa-para-estrenar-144528510.html","10","289"
"147293972","Ven y aprovecha esta magnifica oportunidad de adquirir esta casa en un fraccionamiento de gran seguridad y plusvalia en un excelente precio. Personali","Consultar","https://www.inmuebles24.com/propiedades/clasificado/veclcain-casa-en-venta-en-la-estadia-super-oportunidad-147293972.html","10","290"
"145358182","La zona cuenta con residencias en exclusivos condominios, zonas comerciales y de servicios en etapa de preventa y de ¡entrega inmediata! La opción ide","Consultar","https://www.inmuebles24.com/propiedades/clasificado/veclcain-casa-en-venta-en-queretaro-meseta-area-sonterra-145358182.html","10","291"
"146334750","Hermosa residencia A orilla del lago, tequesquitengo morelos. Superficie total 2, 249 M2. Construcción 550 M2. casa principalcasa principal en un espa","Consultar","https://www.inmuebles24.com/propiedades/clasificado/veclcain-casa-blanca-en-venta-teques-146334750.html","10","292"
"145814440","Hermosa casa ubicada en Parque Veracruz, en la zona de Cascatta dentro del Residencial Lomas de Angelópolis. Ubicada frente a área verde lo que le hac","Consultar","https://www.inmuebles24.com/propiedades/clasificado/veclcain-casa-en-venta-frente-area-verde-parque-veracruz-145814440.html","10","293"
"146136742","Ubicada en Ejido Norte Sur 369, Colonia La Purísima, esta casa en venta en El Salto, Jalisco, se encuentra en una de las zonas con mayor crecimiento y","Consultar","https://www.inmuebles24.com/propiedades/clasificado/veclcain-casa-en-venta-col.-la-purisima-el-salto-jalisco.-146136742.html","10","294"
"147535611","Tu casa en Huamantla, Pueblo Mágico con tradición y modernidad. Vive en un entorno tranquilo y seguro, con excelente conectividad: A solo 5 minutos de","Consultar","https://www.inmuebles24.com/propiedades/clasificado/veclcain-casa-en-venta-en-col.-nuevos-horizontes-huamantla-147535611.html","10","295"
"143718838","El-Tequisquiapan Qro. Pueblo Mágico. Lleno de artesanía, ideal para relajarse y pasar un excelente fin de semana en familia o con amigos, un lugar en ","Consultar","https://www.inmuebles24.com/propiedades/clasificado/veclcain-casa-en-venta-tequisquiapan-queretaro-143718838.html","10","296"
"145230463","Casa en venta en Arboledas de San Ignacio, dentro de fraccionamiento con vigilancia las 24 horas, con cuatro recámaras, cuatro baños completos, cuarto","Consultar","https://www.inmuebles24.com/propiedades/clasificado/veclcain-casa-en-venta-en-arboledas-de-san-ignacio-con-cuatro-145230463.html","10","297"
"147820821","Residencial exclusiva y privada, creado para vivir en un ambiente familiar rodeado de naturaleza y espacios funcionales. Su ubicación estratégica al n","Consultar","https://www.inmuebles24.com/propiedades/clasificado/veclcain-casa-de-una-planta-en-privada-en-venta-al-norte-de-147820821.html","10","298"
"147571392","Linda casa, con mucho potencial, para actualizar, a media calle del centro comercial Artz, cerca de escuelas, hospitales y servicios. Cuenta con 1, 33","Consultar","https://www.inmuebles24.com/propiedades/clasificado/veclcain-casa-en-venta-en-la-calle-de-picacho-jardines-del-147571392.html","10","299"
"146024173","Casa Modelo Encino de 105. 00 m2. 1. - Cochera (1) 2. - Sala. 3. - Comedor. 4. - Cocina. 5. - Desayunador. 6. - Recamara con baño. 7. - Recamara / est","Consultar","https://www.inmuebles24.com/propiedades/clasificado/veclcain-casa-encino-fracc.-monarca-ramos-arizpe-coah.-146024173.html","10","300"
